[INFO] [1730046884.234442, 0.000000]: Waiting for one message from /elevation_mapping/elevation_map...
[INFO] [1730046885.204598, 827.212000]: Received an elevation map message:
[INFO] [1730046885.236125, 827.234000]: info: 
  header: 
    seq: 2
    stamp: 
      secs: 825
      nsecs:  79000000
    frame_id: "odom"
  resolution: 0.1
  length_x: 6.0
  length_y: 6.0
  pose: 
    position: 
      x: -0.9
      y: 0.7000000000000001
      z: 0.0
    orientation: 
      x: 0.0
      y: 0.0
      z: 0.0
      w: 1.0
layers: 
  - elevation
  - upper_bound
  - lower_bound
  - color
  - uncertainty_range
basic_layers: 
  - elevation
  - upper_bound
  - lower_bound
data: 
  - 
    layout: 
      dim: 
        - 
          label: "column_index"
          size: 60
          stride: 3600
        - 
          label: "row_index"
          size: 60
          stride: 60
      data_offset: 0
    data: [0.15651312470436096, 0.15657354891300201, 0.15664957463741302, 0.13234050571918488, 0.026595499366521835, 0.0022961220238357782, 0.002381541533395648, 0.0024540843442082405, 0.002531797857955098, nan, nan, nan, nan, nan, nan, nan, nan, nan, nan, nan, nan, nan, nan, nan, nan, nan, nan, nan, nan, nan, nan, 0.8661102056503296, 0.16927340626716614, 0.001470669754780829, 0.0014363331720232964, 0.0014413937460631132, 0.0014232727698981762, 0.0014375178143382072, 0.001439353683963418, 0.001444231835193932, 0.0014363168738782406, 0.0014303344069048762, 0.001461756182834506, 0.0014461965765804052, 0.0014387046685442328, 0.0014735371805727482, 0.001481813844293356, 0.0015118548180907965, 0.026761086657643318, 0.13550347089767456, 0.1570614129304886, 0.1562027931213379, 0.15625853836536407, 0.1563049554824829, 0.15630558133125305, 0.1563437134027481, 0.1563902646303177, 0.15639865398406982, 0.15645889937877655, 0.15651161968708038, 0.8272945284843445, 0.8273873925209045, 0.8274666666984558, 0.6973328590393066, 0.13239602744579315, 0.002289810683578253, 0.0023580393753945827, 0.0024351736065000296, 0.002461479976773262, nan, nan, nan, nan, nan, nan, nan, nan, nan, nan, nan, nan, nan, nan, nan, nan, nan, nan, nan, nan, nan, nan, 0.8014571070671082, 0.1566992998123169, 0.0014071608893573284, 0.00138210435397923, 0.0013882251223549247, 0.0013548099668696523, 0.0013649319298565388, 0.0013619129313156009, 0.0013374394038692117, 0.0013622170081362128, 0.0013719593407586217, 0.0013954548630863428, 0.0013965831603854895, 0.0013909251429140568, 0.0014298552414402366, 0.0014293178683146834, 0.0014662878820672631, 0.13626709580421448, 0.7167338728904724, 0.8315953016281128, 0.8270078301429749, 0.8270509243011475, 0.8270458579063416, 0.8270968198776245, 0.8271282315254211, 0.8271533250808716, 0.8272011280059814, 0.8272592425346375, 0.8272647857666016, 0.9818807244300842, 0.9819628596305847, 0.9820398688316345, 0.8275305032730103, 0.15677739679813385, 0.0022837952710688114, 0.002343513071537018, 0.002364849206060171, 0.002277754247188568, nan, nan, nan, nan, nan, nan, nan, nan, nan, nan, nan, nan, nan, nan, nan, nan, nan, nan, nan, nan, nan, nan, 0.7610326409339905, 0.1488177627325058, 0.0013427904341369867, 0.0013192538172006607, 0.0013226928422227502, 0.0012962149921804667, 0.0012953776167705655, 0.0012888669734820724, 0.0012739875819534063, 0.001293672015890479, 0.0012997316662222147, 0.0013080585049465299, 0.001330808736383915, 0.001343404408544302, 0.001379871042445302, 0.001384636969305575, 0.0014199592405930161, 0.16148442029953003, 0.8506910800933838, 0.9870328903198242, 0.981577455997467, 0.9816004633903503, 0.9816046357154846, 0.9816359281539917, 0.9816412925720215, 0.9816882014274597, 0.9817396402359009, 0.9817598462104797, 0.9818101525306702, 0.9818794131278992, 0.9819580912590027, 0.9820331931114197, 0.8275191187858582, 0.15675878524780273, 0.002224172465503216, 0.002268638228997588, 0.00220137694850564, 0.002198674948886037, nan, nan, nan, nan, nan, nan, nan, nan, nan, nan, nan, nan, nan, nan, nan, nan, nan, nan, nan, nan, nan, nan, 0.7287648916244507, 0.14249712228775024, 0.0012848172336816788, 0.0012768404558300972, 0.001256957184523344, 0.0012375572696328163, 0.001240467419847846, 0.0012251372681930661, 0.0012215785682201385, 0.0012470881920307875, 0.0012451005168259144, 0.0012389816110953689, 0.0012766397558152676, 0.0012865306343883276, 0.001290139276534319, 0.0013254391960799694, 0.001349631929770112, 0.16145238280296326, 0.8506920337677002, 0.9870309233665466, 0.9815857410430908, 0.9815794229507446, 0.9815859198570251, 0.9816094636917114, 0.9816175103187561, 0.9816696047782898, 0.98167884349823, 0.9817286133766174, 0.9818017482757568, 0.9818529486656189, 0.9819319248199463, 0.9820091724395752, 0.8274977803230286, 0.15667864680290222, 0.0020517802331596613, 0.002110332017764449, 0.002156962873414159, 0.0021946332417428493, nan, nan, nan, nan, nan, nan, nan, nan, nan, nan, nan, nan, nan, nan, nan, nan, nan, nan, nan, nan, nan, nan, 0.6730543971061707, 0.13161835074424744, 0.001238094992004335, 0.0012138917809352279, 0.0011920123361051083, 0.0011961705749854445, 0.0011781107168644667, 0.001161673222668469, 0.0011532893404364586, 0.00119129684753716, 0.0011809157440438867, 0.001182276289910078, 0.001208852045238018, 0.0012199330376461148, 0.001229558722116053, 0.001271550077944994, 0.0012856466928496957, 0.16136114299297333, 0.8506141901016235, 0.9870218634605408, 0.981573224067688, 0.9815768003463745, 0.9816027879714966, 0.9816004633903503, 0.9815934896469116, 0.9816457033157349, 0.9816563129425049, 0.981715738773346, 0.9817780256271362, 0.9574655294418335, 0.9819265007972717, 0.981997013092041, 0.8274358510971069, 0.15653978288173676, 0.0020022650714963675, 0.0020799320191144943, 0.0021562648471444845, 0.002201966941356659, nan, nan, nan, nan, nan, nan, nan, nan, nan, nan, nan, nan, nan, nan, nan, nan, nan, nan, nan, nan, nan, nan, 0.7181592583656311, 0.14031973481178284, 0.0011661089956760406, 0.0011408880818635225, 0.0011280575999990106, 0.001128542935475707, 0.001118574757128954, 0.0010981325758621097, 0.001094226143322885, 0.001121822977438569, 0.0011271698167547584, 0.0011254317359998822, 0.0011365457903593779, 0.0011582719162106514, 0.0011720741167664528, 0.0011895974166691303, 0.0012154284631833434, 0.16039207577705383, 0.8465588688850403, 0.9860876798629761, 0.9815667271614075, 0.9815754890441895, 0.9815956950187683, 0.9815787672996521, 0.9815675616264343, 0.9815748333930969, 0.9816192984580994, 0.9573113918304443, 0.8759552836418152, 0.876027524471283, 0.9818952083587646, 0.9819371104240417, 0.8272983431816101, 0.15648192167282104, 0.0019994822796434164, 0.002077211393043399, 0.0021399783436208963, 0.0022004912607371807, nan, nan, nan, nan, nan, nan, nan, nan, nan, nan, nan, nan, nan, nan, nan, nan, nan, nan, nan, nan, nan, nan, 0.6714687347412109, 0.13121475279331207, 0.001098355045542121, 0.0010811778483912349, 0.0010609743185341358, 0.0010553525062277913, 0.0010491133434697986, 0.001040166593156755, 0.001029818900860846, 0.0010500566568225622, 0.0010727336630225182, 0.0010607731528580189, 0.0010642562992870808, 0.0010771594243124127, 0.0011118706315755844, 0.0011304891668260098, 0.0011503808200359344, 0.1322849839925766, 0.7247295379638672, 0.9580051898956299, 0.9815545082092285, 0.9815685749053955, 0.9815734028816223, 0.9815713763237, 0.9815560579299927, 0.9815638065338135, 0.981612503528595, 0.8758741021156311, 0.5225468277931213, 0.9574084281921387, 0.9573699831962585, 0.8759788274765015, 0.802865743637085, 0.1564924418926239, 0.0019828565418720245, 0.0020411661826074123, 0.0020497217774391174, 0.0020969242323189974, nan, nan, nan, nan, nan, nan, nan, nan, nan, nan, nan, nan, nan, nan, nan, nan, nan, nan, nan, nan, nan, nan, 0.6254565715789795, 0.1222710981965065, 0.0010500448988750577, 0.0010187241714447737, 0.0010062858927994967, 0.0010007810778915882, 0.000983376638032496, 0.000977839226834476, 0.0009733911720104516, 0.0009800164261832833, 0.0009999180911108851, 0.0010025049559772015, 0.0010114040924236178, 0.0010178907541558146, 0.0010342438472434878, 0.001073676161468029, 0.001106424955651164, 0.025543155148625374, 0.23726819455623627, 0.7210568189620972, 0.8513106107711792, 0.9571723341941833, 0.9815616011619568, 0.9815832376480103, 0.981566846370697, 0.9815933704376221, 0.9816145300865173, 0.9572998881340027, 0.8759433627128601, 0.9870557188987732, 0.8813170194625854, 0.5280091166496277, 0.7260525226593018, 0.15733446180820465, 0.0018920688889920712, 0.001958821201696992, 0.0020350399427115917, 0.0020974483340978622, nan, nan, nan, nan, nan, nan, nan, nan, nan, nan, nan, nan, nan, nan, nan, nan, nan, nan, nan, nan, nan, nan, 0.5864340662956238, 0.11464542150497437, 0.000983989448286593, 0.0009625819511711597, 0.0009421721333637834, 0.0009329550084657967, 0.000925568281672895, 0.0009213919984176755, 0.0009108976228162646, 0.0009094986016862094, 0.0009144969517365098, 0.0009235102916136384, 0.0009555891738273203, 0.0009701389353722334, 0.000977807561866939, 0.000999940326437354, 0.00104595220182091, 0.021320300176739693, 0.11336401849985123, 0.15163426101207733, 0.26167750358581543, 0.7454577684402466, 0.9571639895439148, 0.9824374318122864, 0.9861703515052795, 0.986996591091156, 0.9870513677597046, 0.9871021509170532, 0.9871439933776855, 0.8504296541213989, 0.8263089656829834, 0.7450888156890869, 0.6927149891853333, 0.13578836619853973, 0.0018822156125679612, 0.001957555767148733, 0.00202151364646852, 0.0020805378444492817, nan, nan, nan, nan, nan, nan, nan, nan, nan, nan, nan, nan, nan, nan, nan, nan, nan, nan, nan, nan, nan, nan, 0.5599092245101929, 0.10943837463855743, 0.0009251905139535666, 0.0009015885298140347, 0.0008847687277011573, 0.0008652918040752411, 0.000855071353726089, 0.0008528398466296494, 0.0008508842438459396, 0.0008524332661181688, 0.0008613591198809445, 0.0008660205057822168, 0.0008812806918285787, 0.0009180487249977887, 0.0009341196273453534, 0.0009655474568717182, 0.0010013232240453362, 0.08888112008571625, 0.3823442757129669, 0.08897443860769272, 0.02555241994559765, 0.23727527260780334, 0.7210785150527954, 0.8307147026062012, 0.8469099998474121, 0.8504084348678589, 0.8506659269332886, 0.8506833910942078, 0.8506810069084167, 0.16154935956001282, 0.1616159975528717, 0.16171510517597198, 0.1365632861852646, 0.027058539912104607, 0.0018710531294345856, 0.0019317206460982561, 0.001942175324074924, 0.001984850037842989, nan, nan, nan, nan, nan, nan, nan, nan, nan, nan, nan, nan, nan, nan, nan, nan, nan, nan, nan, nan, nan, nan, 0.5681034922599792, 0.11097771674394608, 0.0008997405529953539, 0.0008514788933098316, 0.0008148556808009744, 0.0007900508935563266, 0.0007799132145009935, 0.0007785214693285525, 0.0007797821890562773, 0.0007867089007049799, 0.0008064432768151164, 0.0008160751312971115, 0.0008275347645394504, 0.0008599467691965401, 0.0008768518455326557, 0.0009147129021584988, 0.0009460223955102265, 0.021237419918179512, 0.08888331800699234, 0.02132267691195011, 0.0011176372645422816, 0.025564096868038177, 0.1314878612756729, 0.1568073183298111, 0.16056084632873535, 0.161340594291687, 0.16144172847270966, 0.1614997237920761, 0.16155244410037994, 0.00152911979239434, 0.0015809020260348916, 0.0016589496517553926, 0.0017386226681992412, 0.0017990854103118181, 0.0018063135212287307, 0.0018641508650034666, 0.0019302668515592813, 0.0019859608728438616, nan, nan, nan, nan, nan, nan, nan, nan, nan, nan, nan, nan, nan, nan, nan, nan, nan, nan, nan, nan, nan, nan, 0.5153967142105103, 0.10069289803504944, 0.0008353814482688904, 0.0007809533271938562, 0.0007475455640815198, 0.0007354544359259307, 0.0007167213479988277, 0.000712578883394599, 0.0007165940478444099, 0.0007330392254516482, 0.0007449188269674778, 0.0007615344366058707, 0.0007752676028758287, 0.000802113558165729, 0.0008216854184865952, 0.00084380415501073, 0.0008892474579624832, 0.00094032526249066, 0.0009905515471473336, 0.0010274279629811645, 0.0010875965235754848, 0.0011646260973066092, 0.0012438988778740168, 0.0012840382987633348, 0.0012643691152334213, 0.0012973780976608396, 0.0013616634532809258, 0.0014250827953219414, 0.0014648797223344445, 0.0015107300132513046, 0.0015725846169516444, 0.0015997323207557201, 0.001665232121013105, 0.0017347524408251047, 0.0017850409494712949, 0.0018715789774432778, 0.001938189030624926, 0.0019796686246991158, nan, nan, nan, nan, nan, nan, nan, nan, nan, nan, nan, nan, nan, nan, nan, nan, nan, nan, nan, nan, nan, nan, 0.4708685278892517, 0.09199541062116623, 0.0007648926693946123, 0.0007491554715670645, 0.0007020231569185853, 0.000685768376570195, 0.0006664991960860789, 0.0006592024001292884, 0.0006646966212429106, 0.0006772676715627313, 0.0006859032437205315, 0.0006861599977128208, 0.0007078659837134182, 0.0007296187104657292, 0.0007686473545618355, 0.0008001577807590365, 0.0008361077052541077, 0.0008844138938002288, 0.0009241435909643769, 0.0009807797614485025, 0.0010553494794294238, 0.0011321977945044637, 0.00118173286318779, 0.001175826764665544, 0.0012172433780506253, 0.0012750531313940883, 0.0013164948904886842, 0.0013816257705911994, 0.0014440268278121948, 0.0014610614161938429, 0.001511859823949635, 0.0015762215480208397, 0.0016527615953236818, 0.0017269415548071265, 0.0017892135074362159, 0.0018670241115614772, 0.001927376026287675, 0.0019210759783163667, nan, nan, nan, nan, nan, nan, nan, nan, nan, nan, nan, nan, nan, nan, nan, nan, nan, nan, nan, nan, nan, nan, 0.4427751898765564, 0.08650204539299011, 0.0006872054655104876, 0.0006803164724260569, 0.000634486204944551, 0.0006208180566318333, 0.0006093884003348649, 0.0005939764087088406, 0.000600374536588788, 0.0005868152366019785, 0.000619808619376272, 0.0006387461326085031, 0.0006552566192112863, 0.0006897164275869727, 0.0007150474120862782, 0.0007360654417425394, 0.0007954958127811551, 0.0008373475866392255, 0.000896531855687499, 0.0009678066708147526, 0.001033019507303834, 0.0010939458152279258, 0.0010976198827847838, 0.0011305882362648845, 0.0011975605739280581, 0.001237607910297811, 0.0012975457357242703, 0.0013617170043289661, 0.001424460089765489, 0.0014499770477414131, 0.0015168609097599983, 0.0015858509577810764, 0.0016616999637335539, 0.0017249681986868382, 0.0017356505850329995, 0.0017970395274460316, 0.001861130353063345, 0.0018911798251792789, nan, nan, nan, nan, nan, nan, nan, nan, nan, nan, nan, nan, nan, nan, nan, nan, nan, nan, nan, nan, nan, nan, 0.4497203528881073, 0.08782367408275604, 0.0006429242203012109, 0.0006101280450820923, 0.000568726216442883, 0.0005534318624995649, 0.0005411554593592882, 0.0005350126302801073, 0.0005370501894503832, 0.000539545202627778, 0.0005601305165328085, 0.0005657288711518049, 0.000591820222325623, 0.0006447628256864846, 0.0006810847553424537, 0.0007003811188042164, 0.0007510918658226728, 0.0008142379228956997, 0.0008773404406383634, 0.0009393816580995917, 0.0009595783776603639, 0.0010144631378352642, 0.0010678626131266356, 0.0011052584741264582, 0.0011683781631290913, 0.0012182074133306742, 0.0012924916809424758, 0.0013247996103018522, 0.0013839405728504062, 0.0014520474942401052, 0.0015028361231088638, 0.001524812774732709, 0.0015952324029058218, 0.0016692975768819451, 0.0017315808217972517, 0.0018072518287226558, 0.001876834430731833, 0.0019234544597566128, nan, nan, nan, nan, nan, nan, nan, nan, nan, nan, nan, nan, nan, nan, nan, nan, nan, nan, nan, nan, nan, nan, 0.4289587438106537, 0.08374202996492386, 0.0005716066807508469, 0.0005444562411867082, 0.0005243776249699295, 0.0004963983665220439, 0.00047454782179556787, 0.0004661328566726297, 0.00047134660417214036, 0.00048235495341941714, 0.0004858403990510851, 0.0005042929551564157, 0.0005365169490687549, 0.0005805739783681929, 0.0006214119493961334, 0.000661390891764313, 0.0007280773133970797, 0.0007850557449273765, 0.0008075847872532904, 0.0008679654565639794, 0.0009158708271570504, 0.0009531282703392208, 0.0010218813549727201, 0.00108202057890594, 0.0011472331825643778, 0.0011835388140752912, 0.0012458035489544272, 0.0013183841947466135, 0.0013709812192246318, 0.0013950992142781615, 0.001462829764932394, 0.0015278226928785443, 0.0016060450579971075, 0.0016824358608573675, 0.0017449677689000964, 0.0018145806388929486, 0.0018769383896142244, 0.001931839738972485, nan, nan, nan, nan, nan, nan, nan, nan, nan, nan, nan, nan, nan, nan, nan, nan, nan, nan, nan, nan, nan, nan, 0.4086569547653198, 0.07976432144641876, 0.0005307401297613978, 0.0004973324248567224, 0.00046263454714789987, 0.00043057880247943103, 0.0004159313684795052, 0.0003963688504882157, 0.0004069477436132729, 0.00040630658622831106, 0.00043533818097785115, 0.00043938227463513613, 0.00047212070785462856, 0.0005155516555532813, 0.0005634425906464458, 0.000622904859483242, 0.0006828984478488564, 0.0007191033218987286, 0.0007723558810539544, 0.0008385417750105262, 0.000873597979079932, 0.0009275269694626331, 0.000996038201265037, 0.0010405422654002905, 0.0011050732573494315, 0.0011636372655630112, 0.0012383799767121673, 0.0013060939963907003, 0.001329693361185491, 0.0013942705700173974, 0.0014669308438897133, 0.001542729907669127, 0.0016077172476798296, 0.0016816497081890702, 0.0016915574669837952, 0.0017514368519186974, 0.0018202615901827812, 0.0018617977621033788, nan, nan, nan, nan, nan, nan, nan, nan, nan, nan, nan, nan, nan, nan, nan, nan, nan, nan, nan, nan, nan, nan, 0.3645014762878418, 0.07114864885807037, 0.0004751464002765715, 0.0004439044860191643, 0.00039308113628067076, 0.0003669525031000376, 0.0003602587676141411, 0.0003502134932205081, 0.00035763339838013053, 0.0003611290012486279, 0.00037983243237249553, 0.00039004680002108216, 0.0004253705556038767, 0.00047339670709334314, 0.0005306585808284581, 0.0005953743821009994, 0.000632789742667228, 0.0006849141209386289, 0.0007355931447818875, 0.0007999172084964812, 0.0008355800528079271, 0.0008978571277111769, 0.0009655838366597891, 0.0010335040278732777, 0.001098863547667861, 0.0011299739126116037, 0.0011966978199779987, 0.0012713730102404952, 0.0013332435628399253, 0.0013622601982206106, 0.00142732635140419, 0.0014996749814599752, 0.001556549803353846, 0.001632372965104878, 0.001692705089226365, 0.0017599455313757062, 0.0018174205906689167, 0.001860561897046864, nan, nan, nan, nan, nan, nan, nan, nan, nan, nan, nan, nan, nan, nan, nan, nan, nan, nan, nan, nan, nan, nan, 0.3744581937789917, 0.07304324209690094, 0.00042507832404226065, 0.00038570284959860146, 0.0003510764508973807, 0.00034422523458488286, 0.0003534909337759018, 0.00034642324317246675, 0.00034245854476466775, 0.00034034313284792006, 0.0003430907672736794, 0.00035817077150568366, 0.00039115804247558117, 0.0004402497143018991, 0.00047850419650785625, 0.0005397973582148552, 0.0005878788069821894, 0.0006470944499596953, 0.0006875855615362525, 0.0007517226040363312, 0.0008126535685732961, 0.000879407103639096, 0.0009262654348276556, 0.0009919232688844204, 0.0010570728918537498, 0.0011219560401514173, 0.0011969495099037886, 0.0012755078496411443, 0.0013411445543169975, 0.0013430897379294038, 0.0014266392681747675, 0.0015031270449981093, 0.00156105007044971, 0.0016335506225004792, 0.0017062457045540214, 0.0017647022614255548, 0.0018169143004342914, 0.001827955711632967, nan, nan, nan, nan, nan, nan, nan, nan, nan, nan, nan, nan, nan, nan, nan, nan, nan, nan, nan, nan, nan, nan, 0.3730565905570984, 0.07274472713470459, 0.00038608728209510446, 0.0003501726605463773, 0.00033816639916040003, 0.0003526163927745074, 0.0003997441381216049, 0.0003741160617209971, 0.00035088384174741805, 0.0003403628943488002, 0.00033635037834756076, 0.0003430480428505689, 0.00036923863808624446, 0.0003937945293728262, 0.00043572415597736835, 0.0005047455197200179, 0.0005549800698645413, 0.0006191423162817955, 0.0006800367846153677, 0.0007244430016726255, 0.0007827986846677959, 0.0008543350850231946, 0.0009229762945324183, 0.0009916466660797596, 0.0010366160422563553, 0.0011008204892277718, 0.0011580947320908308, 0.0012347835581749678, 0.0013038403121754527, 0.0013263223227113485, 0.0013917608885094523, 0.0014657375868409872, 0.0015359836397692561, 0.0015962874749675393, 0.0016666664741933346, 0.001731661381199956, 0.0017873754259198904, 0.0018332109320908785, nan, nan, nan, nan, nan, nan, nan, nan, nan, nan, nan, nan, nan, nan, nan, nan, nan, nan, nan, nan, nan, nan, 0.34972697496414185, 0.06756017357110977, 0.0003689922159537673, 0.00034115760354325175, 0.0003438091080170125, 0.00035044545074924827, 0.0003553976712282747, 0.0003479074512142688, 0.00034093260182999074, 0.0003380191628821194, 0.0003366425517015159, 0.00033685905509628356, 0.00034732872154563665, 0.00037267376319505274, 0.0004168878367636353, 0.00048370033618994057, 0.0005243404302746058, 0.0005889357416890562, 0.0006650040159001946, 0.0007259396952576935, 0.000765240634791553, 0.0008283024071715772, 0.0008977988618426025, 0.0009710108279250562, 0.0010414269054308534, 0.001112703699618578, 0.0011669571977108717, 0.0012440860737115145, 0.0013082633959129453, 0.0013295698445290327, 0.001398425200022757, 0.0014728277456015348, 0.0015446968609467149, 0.001603289507329464, 0.0016678625252097845, 0.0017250546952709556, 0.0017964825965464115, 0.0018552180845290422, 1.0654045343399048, 1.0318338871002197, 0.9813699722290039, 0.914862871170044, 0.8663825988769531, 0.8059794306755066, 0.8002099990844727, 0.8411636352539062, 0.7800804972648621, 0.6907691955566406, 0.6917687058448792, 0.6600285768508911, 0.5974284410476685, 0.5759473443031311, 0.5269306898117065, 0.5129125714302063, 0.5239710211753845, 0.4775807559490204, 0.45712676644325256, 0.4162634313106537, 0.36412298679351807, 0.3685884475708008, 0.29901447892189026, 0.055945735424757004, 0.00036002430715598166, 0.0003422351728659123, 0.00035675358958542347, 0.0003440243599470705, 0.00033901253482326865, 0.00033857126254588366, 0.000337123783538118, 0.00033682386856526136, 0.00033660297049209476, 0.0003361357084941119, 0.0003380595881026238, 0.0003496855206321925, 0.00039240068872459233, 0.00046311624464578927, 0.0005157534615136683, 0.0005817599012516439, 0.0006556110456585884, 0.0007230310002341866, 0.0007646544836461544, 0.0008259614114649594, 0.0008819322683848441, 0.0009414063533768058, 0.0010208843741565943, 0.0010889017721638083, 0.0011436650529503822, 0.001216026139445603, 0.0012830946361646056, 0.001311208470724523, 0.0013844756176695228, 0.0014528966275975108, 0.0015085362829267979, 0.0015770087484270334, 0.0016367019852623343, 0.0017022721003741026, 0.0017740009352564812, 0.001816859352402389, 0.20824386179447174, 0.2017008662223816, 0.19185136258602142, 0.17889977991580963, 0.16943609714508057, 0.15765075385570526, 0.15649168193340302, 0.16440066695213318, 0.1524910181760788, 0.13509944081306458, 0.13523831963539124, 0.1290343701839447, 0.11684291809797287, 0.1126101166009903, 0.10300986468791962, 0.10024414956569672, 0.10234961658716202, 0.0932946503162384, 0.08927879482507706, 0.08130572736263275, 0.07113675028085709, 0.07167176157236099, 0.057137615978717804, 0.010789169929921627, 0.00034726315061561763, 0.0003385678573977202, 0.00034124928060919046, 0.00033914201776497066, 0.0003380002162884921, 0.0003381751012057066, 0.0003379829868208617, 0.0003383257135283202, 0.0003368813486304134, 0.0003362976131029427, 0.00033730428549461067, 0.00034380171564407647, 0.00038621644489467144, 0.00045424350537359715, 0.0005120588466525078, 0.0005787698901258409, 0.0006496842252090573, 0.0007066312246024609, 0.0007725210161879659, 0.0008439861121587455, 0.0009046746417880058, 0.0009389218757860363, 0.0010283238952979445, 0.0010760673321783543, 0.001134633319452405, 0.001189919887110591, 0.0012456467375159264, 0.0013409362873062491, 0.0014084238791838288, 0.0014772011199966073, 0.0015306733548641205, 0.0016032736748456955, 0.0016589912120252848, 0.001726755639538169, 0.0017989673651754856, 0.0018345622811466455, 0.0018206771928817034, 0.0017811051802709699, 0.0017111484194174409, 0.001645054784603417, 0.0015822446439415216, 0.0015070007648319006, 0.0014551144558936357, 0.0013917208416387439, 0.001322433934547007, 0.0012689847499132156, 0.0012135583674535155, 0.0011455477215349674, 0.0010787206701934338, 0.0010139552177861333, 0.0009375985828228295, 0.0008858391083776951, 0.0008226006757467985, 0.0007552491151727736, 0.0006944717606529593, 0.000630717899184674, 0.000577232101932168, 0.0005153373931534588, 0.0004528003337327391, 0.00038469815626740456, 0.0003440096043050289, 0.00033733752206899226, 0.0003381859860382974, 0.0003430158249102533, 0.00033881544368341565, 0.00033779823570512235, 0.00033713848097249866, 0.00033694750163704157, 0.000336280936608091, 0.00033608710509724915, 0.0003373841755092144, 0.00034786888863891363, 0.0003903471806552261, 0.0004573873884510249, 0.0005147275514900684, 0.0005829440196976066, 0.0006539468304254115, 0.0007078581256791949, 0.0007760145235806704, 0.0008353630546480417, 0.0009024397004395723, 0.0009701763628982008, 0.0010464047081768513, 0.0010975783225148916, 0.0011649352964013815, 0.0012193863512948155, 0.001283685676753521, 0.0013978813076391816, 0.0014542172430083156, 0.001519648591056466, 0.0015764943091198802, 0.0016470514237880707, 0.0017156912945210934, 0.0017734816065058112, 0.0018380745314061642, 0.001882116892375052, 0.0018584454664960504, 0.001813693204894662, 0.001744060660712421, 0.0016710272757336497, 0.0015976321883499622, 0.00152017327491194, 0.001467576832510531, 0.0013980777002871037, 0.001329887891188264, 0.0012872923398390412, 0.001224612700752914, 0.0011624888284131885, 0.0010925477836281061, 0.0010204552672803402, 0.0009468439384363592, 0.0008953744545578957, 0.0008283865754492581, 0.000759159738663584, 0.00069598009577021, 0.0006288681761361659, 0.0005806300905533135, 0.0005169920041225851, 0.0004558972723316401, 0.00039003088022582233, 0.0003461443411651999, 0.00033705163514241576, 0.0003403187729418278, 0.00035617349203675985, 0.00034153182059526443, 0.0003359581169206649, 0.00033633908606134355, 0.0003368492762092501, 0.0003359942929819226, 0.00033705803798511624, 0.00034252466866746545, 0.00037678374792449176, 0.0004259226261638105, 0.0004952875897288322, 0.0005647488869726658, 0.0006202431977726519, 0.0006890834774821997, 0.000745373428799212, 0.0008135766838677227, 0.000881256943102926, 0.0009355622460134327, 0.001009633531793952, 0.0010827964870259166, 0.0011358637129887938, 0.0012079867301508784, 0.00126491894479841, 0.0013314407551661134, 0.0014453785261139274, 0.0015138927847146988, 0.0015708162682130933, 0.0016363674076274037, 0.0016913206782191992, 0.0017642911989241838, 0.0018320310628041625, 0.0018900015857070684, 0.001947775948792696, 0.0018428893527016044, 0.001789394998922944, 0.001722126267850399, 0.0016592486063018441, 0.0015888953348621726, 0.0015122798504307866, 0.0014579587150365114, 0.0013866717927157879, 0.0013248373288661242, 0.0013076710747554898, 0.0012445086613297462, 0.0011707069352269173, 0.001113474601879716, 0.00104190141428262, 0.0009753976482897997, 0.0009207840193994343, 0.0008503556600771844, 0.0007766002672724426, 0.0007074218010529876, 0.0006419120472855866, 0.0006008226773701608, 0.0005336757167242467, 0.00047025593812577426, 0.0004093618772458285, 0.00035130977630615234, 0.0003367836179677397, 0.00033628634992055595, 0.0003405449679121375, 0.0003368444449733943, 0.0003364581789355725, 0.00033719721250236034, 0.00033723609521985054, 0.0003374484949745238, 0.00034028690424747765, 0.0003573465219233185, 0.0004165232239756733, 0.00048463395796716213, 0.0005404969560913742, 0.0006097060395404696, 0.0006651906296610832, 0.0007349849911406636, 0.0008037003572098911, 0.000858793908264488, 0.0009255666518583894, 0.0009805902373045683, 0.0010501528158783913, 0.0011228722287341952, 0.0011774282902479172, 0.0012532436521723866, 0.0013231707271188498, 0.0013799391454085708, 0.0014895459171384573, 0.0015607872046530247, 0.0016157235950231552, 0.0016812970861792564, 0.0017366587417200208, 0.0018066726624965668, 0.0018759811064228415, 0.0019359856378287077, 0.0019920780323445797, 0.0018709502182900906, 0.0018225995590910316, 0.0017511685146018863, 0.0016801685560494661, 0.00162213621661067, 0.001550115062855184, 0.0014752675779163837, 0.001402495545335114, 0.0013462136266753078, 0.0013000739272683859, 0.0012281371746212244, 0.0011512611526995897, 0.001096842810511589, 0.0010356403654441237, 0.0009916732087731361, 0.0009267342393286526, 0.0008584451861679554, 0.0007847886299714446, 0.0007193867349997163, 0.0006731846369802952, 0.0006135266157798469, 0.0005472996272146702, 0.0004949482390657067, 0.00042886444134637713, 0.00036456837551668286, 0.0003395988023839891, 0.0003352542407810688, 0.00033646367955952883, 0.00033608140074647963, 0.0003386879398021847, 0.0003400698769837618, 0.00034068492823280394, 0.00034049712121486664, 0.0003540671896189451, 0.0004067333065904677, 0.00046138811740092933, 0.0005305025260895491, 0.0005859543452970684, 0.0006546552758663893, 0.000724460871424526, 0.0007801030296832323, 0.0008489253814332187, 0.0009033590904437006, 0.0009708097204566002, 0.0010389426024630666, 0.0010950451251119375, 0.0011658389121294022, 0.0012241026852279902, 0.0012942650355398655, 0.0013702347641810775, 0.0014355657622218132, 0.0015316343633458018, 0.0016042807837948203, 0.0016591979656368494, 0.001726345275528729, 0.0017957447562366724, 0.0018449043855071068, 0.001902708550915122, 0.001974679296836257, 0.002030374715104699, 0.0018682103836908937, 0.0018121504690498114, 0.0017443499527871609, 0.0016692494973540306, 0.0016001870390027761, 0.001539290533401072, 0.001469613634981215, 0.0014046526048332453, 0.0013794961851090193, 0.001318957656621933, 0.0012441143626347184, 0.0011728517711162567, 0.0011122084688395262, 0.0010500784264877439, 0.0009849256603047252, 0.0009196634055115283, 0.0008754316950216889, 0.0008126681204885244, 0.000740338466130197, 0.000677186471875757, 0.0006301226676441729, 0.0005779591738246381, 0.0005285342340357602, 0.00046386304893530905, 0.00039036694215610623, 0.00035050659789703786, 0.0003396921092644334, 0.0003375741362106055, 0.0003430271754041314, 0.00035905485856346786, 0.00036375230411067605, 0.00036448860191740096, 0.0003527105145622045, 0.00038433773443102837, 0.0004514745087362826, 0.0005067996098659933, 0.0005758680636063218, 0.0006443441961891949, 0.0007002602214924991, 0.0007696012617088854, 0.0008249178645201027, 0.0008930141921155155, 0.0009609120315872133, 0.0010159957455471158, 0.0010836815927177668, 0.0011367491679266095, 0.0012129041133448482, 0.0012838299153372645, 0.0013410947285592556, 0.0014091606717556715, 0.001478227786719799, 0.0015777124790474772, 0.0016483641229569912, 0.0017162795411422849, 0.0017716025467962027, 0.0018386741867288947, 0.0018960150191560388, 0.0019636594224721193, 0.002032717689871788, 0.0020732625853270292, 0.0018439296400174499, 0.0018021659925580025, 0.0017761557828634977, 0.0017074230127036572, 0.0016316985711455345, 0.0015624394873157144, 0.0015036461409181356, 0.001441223081201315, 0.0013845890061929822, 0.0013144232798367739, 0.0012446483597159386, 0.0012026233598589897, 0.0011488418094813824, 0.0010783527977764606, 0.0010084814857691526, 0.0009366086451336741, 0.0008793456363491714, 0.0008386523695662618, 0.0007788880611769855, 0.0007127258577384055, 0.0006744746351614594, 0.0006122770137153566, 0.0005556292016990483, 0.0005024314159527421, 0.00043042589095421135, 0.0003832442162092775, 0.00035834722802974284, 0.00035468413261696696, 0.00037180189974606037, 0.00041830839472822845, 0.0004371393588371575, 0.00044530475861392915, 0.0003984068753197789, 0.0004277093685232103, 0.0004966323031112552, 0.0005657585570588708, 0.0006212529842741787, 0.0006903218454681337, 0.0007464958471246064, 0.0008149000932462513, 0.0008825042168609798, 0.0009368627797812223, 0.0010055059101432562, 0.0010606044670566916, 0.0011258716695010662, 0.0011828717542812228, 0.0012561784824356437, 0.0013318252749741077, 0.0013981959782540798, 0.0014511136105284095, 0.0015198744367808104, 0.002135153394192457, 0.0021616192534565926, 0.002089816378429532, 0.00223492830991745, 0.002237321576103568, 0.002353555988520384, 0.002352351089939475, 0.002462193835526705, 0.002467814367264509, 0.15628117322921753, 0.15628281235694885, 0.15625786781311035, 0.1562385857105255, 0.15617735683918, 0.13170476257801056, 0.025877680629491806, 0.0014715284341946244, 0.0014218137366697192, 0.0013526702532544732, 0.0012791210319846869, 0.0012164299841970205, 0.0011436853092163801, 0.021473359316587448, 0.10746418684720993, 0.11589446663856506, 0.10923104733228683, 0.1111261248588562, 0.10576363652944565, 0.09692569822072983, 0.08510497212409973, 0.08186352252960205, 0.08045011758804321, 0.07405051589012146, 0.06684406846761703, 0.05229843035340309, 0.020347580313682556, 0.05714213848114014, 0.07394441962242126, 0.080375537276268, 0.06881693005561829, 0.013319255784153938, 0.010849494487047195, 0.056112140417099, 0.05663368105888367, 0.01180871482938528, 0.0014351458521559834, 0.0015704695833846927, 0.0015998781891539693, 0.0016387776704505086, 0.00165301572997123, 0.0017414388712495565, 0.0017716169822961092, 0.001792804803699255, 0.001858116709627211, 0.0018444316228851676, 0.001756222452968359, 0.0019181013340130448, 0.0019479539478197694, 0.002036575460806489, 0.0020166959147900343, 0.15837819874286652, 0.15827879309654236, 0.15775680541992188, 0.15818898379802704, 0.15793180465698242, 0.158169686794281, 0.15802308917045593, 0.15820133686065674, 0.15809638798236847, 0.7975079417228699, 0.7976866364479065, 0.7977930307388306, 0.797996461391449, 0.8032369613647461, 0.6892850995063782, 0.1316792070865631, 0.0014786409446969628, 0.0014204493490979075, 0.0013516381150111556, 0.0012861298164352775, 0.0012412548530846834, 0.001170765026472509, 0.08962094783782959, 0.47474390268325806, 0.5761701464653015, 0.5590999126434326, 0.5690969228744507, 0.5415381789207458, 0.49626266956329346, 0.43563640117645264, 0.41921746730804443, 0.4121372103691101, 0.37936311960220337, 0.3424992859363556, 0.26775220036506653, 0.10325366258621216, 0.29276397824287415, 0.37925204634666443, 0.4121243357658386, 0.3524110019207001, 0.0664888545870781, 0.06225195899605751, 0.2966907024383545, 0.3113138973712921, 0.12459239363670349, 0.08508521318435669, 0.0894382894039154, 0.09565854072570801, 0.10273435711860657, 0.10869818925857544, 0.11246387660503387, 0.1184781864285469, 0.1253834217786789, 0.13285599648952484, 0.138949453830719, 0.14150498807430267, 0.14812247455120087, 0.15495137870311737, 0.1577405482530594, 0.1580287665128708, 0.7985793948173523, 0.7984580993652344, 0.7984554767608643, 0.7985252737998962, 0.79835444688797, 0.7983375191688538, 0.7985385060310364, 0.7982272505760193, 0.7982078194618225, nan, nan, nan, nan, nan, 0.780825674533844, 0.1560877561569214, 0.0014802145306020975, 0.001458068029023707, 0.0013921812642365694, 0.001322654657997191, 0.0012751377653330564, 0.001208001747727394, 0.02465883642435074, 0.14611026644706726, nan, nan, nan, nan, nan, nan, nan, nan, nan, nan, nan, nan, nan, nan, nan, nan, nan, nan, 0.35636216402053833, 0.41397368907928467, 0.40218544006347656, 0.419158011674881, 0.43996521830558777, 0.4725666642189026, 0.5091568231582642, 0.5407060980796814, 0.5591192841529846, 0.5906849503517151, 0.6269950866699219, 0.6650885343551636, 0.6979334950447083, 0.713927149772644, 0.7458379864692688, 0.7815493941307068, 0.7949069142341614, 0.7980795502662659, nan, nan, nan, nan, nan, nan, nan, nan, nan, nan, nan, nan, 0.0020622466690838337, 0.1518753170967102, 0.580869197845459, 0.13173536956310272, 0.001521249650977552, 0.001472371513955295, 0.0014029195299372077, 0.001335274544544518, 0.0013621088583022356, 0.001343925017863512, nan, nan, nan, nan, nan, nan, nan, nan, nan, nan, nan, nan, nan, nan, nan, nan, nan, nan, nan, nan, nan, nan, nan, nan, nan, nan, nan, nan, nan, nan, nan, nan, nan, nan, nan, nan, nan, nan, nan, nan, nan, nan, nan, nan, nan, nan, nan, nan, 0.002052354859188199, 0.0019169604638591409, 0.0018699169158935547, 0.0261346735060215, 0.10743880271911621, 0.025978529825806618, 0.0015495436964556575, 0.0014821765944361687, 0.001483079162426293, nan, nan, nan, nan, nan, nan, nan, nan, nan, nan, nan, nan, nan, nan, nan, nan, nan, nan, nan, nan, nan, nan, nan, nan, nan, nan, nan, nan, nan, nan, nan, nan, nan, nan, nan, nan, nan, nan, nan, nan, nan, nan, nan, nan, nan, nan, nan, nan, nan, nan, 0.0020259160082787275, 0.0019785219337791204, 0.0018902182346209884, 0.001809007953852415, 0.001736105652526021, 0.0016775624826550484, 0.0016122818924486637, 0.0016429272945970297, nan, nan, nan, nan, nan, nan, nan, nan, nan, nan, nan, nan, nan, nan, nan, nan, nan, nan, nan, nan, nan, nan, nan, nan, nan, nan, nan, nan, nan, nan, nan, nan, nan, nan, nan, nan, nan, nan, nan, nan, nan, nan, nan, nan, nan, nan, nan, nan, nan, nan, nan, nan, 0.0019984948448836803, 0.001948546851053834, 0.0019050153205171227, 0.0018209125846624374, 0.0017536577070131898, 0.0017805895768105984, nan, nan, nan, nan, nan, nan, nan, nan, nan, nan, nan, nan, nan, nan, nan, nan, nan, nan, nan, nan, nan, nan, nan, nan, nan, nan, nan, nan, nan, nan, nan, nan, nan, nan, nan, nan, nan, nan, nan, nan, nan, nan, nan, nan, nan, nan, nan, nan, nan, nan, nan, nan, nan, nan, 0.0019991006702184677, 0.0019864735659211874, 0.0020174921955913305, 0.0019681283738464117, nan, nan, nan, nan, nan, nan, nan, nan, nan, nan, nan, nan, nan, nan, nan, nan, nan, nan, nan, nan, nan, nan, nan, nan, nan, nan, nan, nan, nan, nan, nan, nan, nan, nan, nan, nan, nan, nan, nan, nan, nan, nan, nan, nan, nan, nan, nan, nan, nan, nan, nan, nan, nan, nan, nan, nan, 0.0020264689810574055, 0.0020964336581528187, nan, nan, nan, nan, nan, nan, nan, nan, nan, nan, nan, nan, nan, nan, nan, nan, nan, nan, nan, nan, nan, nan, nan, nan, nan, nan, nan, nan, nan, nan, nan, nan, nan, nan, nan, nan, nan, nan, nan, nan, nan, nan, nan, nan, nan, nan, nan, nan, nan, nan, nan, nan, nan, nan, nan, nan, nan, nan, nan, nan, nan, nan, nan, nan, nan, nan, nan, nan, nan, nan, nan, nan, nan, nan, nan, nan, nan, nan, nan, nan, nan, nan, nan, nan, nan, nan, nan, nan, nan, nan, nan, nan, nan, nan, nan, nan, nan, nan, nan, nan, nan, nan, nan, nan, nan, nan, nan, nan, nan, nan, nan, nan, nan, nan, nan, nan, nan, nan, nan, nan, nan, nan, nan, nan, nan, nan, nan, nan, nan, nan, nan, nan, nan, nan, nan, nan, nan, nan, nan, nan, nan, nan, nan, nan, nan, nan, nan, nan, nan, nan, nan, nan, nan, nan, nan, nan, nan, nan, nan, nan, nan, nan, nan, nan, nan, nan, nan, nan, nan, nan, nan, nan, nan, nan, nan, nan, nan, nan, nan, nan, nan, nan, nan, nan, nan, nan, nan, nan, nan, nan, nan, nan, nan, nan, nan, nan, nan, nan, nan, nan, nan, nan, nan, nan, nan, nan, nan, nan, nan, nan, nan, nan, nan, nan, nan, nan, nan, nan, nan, nan, nan, nan, nan, nan, nan, nan, nan, nan, nan, nan, nan, nan, nan, nan, nan, nan, nan, nan, nan, nan, nan, nan, nan, nan, nan, nan, nan, nan, nan, nan, nan, nan, nan, nan, nan, nan, nan, nan, nan, nan, nan, nan, nan, nan, nan, nan, nan, nan, nan, nan, nan, nan, nan, nan, nan, nan, nan, nan, nan, nan, nan, nan, nan, nan, nan, nan, nan, nan, nan, nan, nan, nan, nan, nan, nan, nan, nan, nan, nan, nan, nan, nan, nan, nan, nan, nan, nan, nan, nan, nan, nan, nan, nan, nan, nan, nan, nan, nan, nan, nan, nan, nan, nan, nan, nan, nan, nan, nan, nan, nan, nan, nan, nan, nan, nan, nan, nan, nan, nan, nan, nan, nan, nan, nan, nan, nan, nan, nan, nan, nan, nan, nan, nan, nan, nan, nan, nan, nan, nan, nan, nan, nan, nan, nan, nan, nan, nan, nan, nan, nan, nan, nan, nan, nan, nan, nan, nan, nan, nan, nan, nan, nan, nan, nan, nan, nan, nan, nan, nan, nan, nan, nan, nan, nan, nan, nan, nan, nan, nan, nan, nan, nan, nan, nan, nan, nan, nan, nan, nan, nan, nan, nan, nan, nan, nan, nan, nan, nan, nan, nan, nan, nan, nan, nan, nan, nan, nan, nan, nan, nan, nan, nan, nan, nan, nan, nan, nan, nan, nan, nan, nan, nan, nan, nan, nan, nan, nan, nan, nan, nan, nan, nan, nan, nan, nan, nan, nan, nan, nan, nan, nan, nan, nan, nan, nan, nan, nan, nan, nan, nan, nan, nan, nan, nan, nan, nan, nan, nan, nan, nan, nan, nan, nan, nan, nan, nan, nan, nan, nan, nan, nan, nan, nan, nan, nan, nan, nan, nan, nan, nan, nan, nan, nan, nan, nan, nan, nan, nan, nan, nan, nan, nan, nan, nan, nan, nan, nan, nan, nan, nan, nan, nan, nan, nan, nan, nan, nan, nan, nan, nan, nan, nan, nan, nan, nan, nan, nan, nan, nan, nan, nan, nan, nan, nan, nan, nan, nan, nan, nan, nan, nan, nan, nan, nan, nan, nan, nan, nan, nan, nan, nan, nan, nan, nan, nan, nan, nan, nan, nan, nan, nan, nan, nan, nan, nan, nan, nan, nan, nan, nan, nan, nan, nan, nan, nan, nan, nan, nan, nan, nan, nan, nan, nan, nan, nan, nan, nan, nan, nan, nan, nan, nan, nan, nan, nan, nan, nan, nan, nan, nan, nan, nan, nan, nan, nan, nan, nan, nan, nan, nan, nan, nan, nan, nan, nan, nan, nan, nan, nan, nan, nan, nan, nan, nan, nan, nan, nan, nan, nan, nan, nan, nan, nan, nan, nan, nan, nan, nan, nan, nan, nan, nan, nan, nan, nan, nan, nan, nan, nan, nan, nan, nan, nan, nan, nan, nan, nan, nan, nan, nan, nan, nan, nan, nan, nan, nan, nan, nan, nan, nan, nan, nan, nan, nan, nan, nan, nan, nan, nan, nan, nan, nan, nan, nan, nan, nan, nan, nan, nan, nan, nan, nan, nan, nan, nan, nan, nan, nan, nan, nan, nan, nan, nan, nan, nan, nan, nan, nan, nan, nan, nan, nan, nan, nan, nan, nan, nan, nan, nan, nan, nan, nan, nan, nan, nan, nan, nan, nan, nan, nan, nan, nan, nan, nan, nan, nan, nan, nan, nan, nan, nan, nan, nan, nan, nan, nan, nan, nan, nan, nan, nan, nan, nan, nan, nan, nan, nan, nan, nan, nan, nan, nan, nan, nan, nan, nan, nan, nan, nan, nan, nan, nan, nan, nan, nan, nan, nan, nan, nan, nan, nan, nan, nan, nan, nan, nan, nan, nan, nan, nan, nan, nan, nan, nan, nan, nan, nan, nan, nan, nan, nan, nan, nan, nan, nan, nan, nan, nan, nan, nan, nan, nan, nan, nan, nan, nan, nan, nan, nan, nan, nan, nan, nan, nan, nan, nan, nan, nan, nan, nan, nan, nan, nan, nan, nan, nan, nan, nan, nan, nan, nan, nan, nan, nan, nan, nan, nan, nan, nan, nan, nan, nan, nan, nan, nan, nan, nan, nan, nan, nan, nan, nan, nan, nan, nan, nan, nan, nan, nan, nan, nan, nan, nan, nan, nan, nan, nan, nan, nan, nan, nan, nan, nan, nan, nan, nan, nan, nan, nan, nan, nan, nan, nan, nan, nan, nan, nan, nan, nan, nan, nan, nan, nan, nan, nan, nan, nan, nan, nan, nan, nan, nan, nan, nan, nan, nan, nan, nan, nan, nan, nan, nan, nan, nan, nan, nan, nan, nan, nan, nan, nan, nan, nan, nan, nan, nan, nan, nan, nan, nan, nan, nan, nan, nan, nan, nan, nan, nan, nan, nan, nan, nan, nan, nan, nan, nan, nan, nan, nan, nan, nan, nan, nan, nan, nan, nan, nan, nan, nan, nan, nan, nan, nan, nan, nan, nan, nan, nan, nan, nan, nan, nan, nan, nan, nan, nan, nan, nan, nan, nan, nan, nan, nan, nan, nan, nan, nan, nan, nan, 0.0022733609657734632, 0.0022565170656889677, 0.0023023723624646664, 0.002387402579188347, 0.0024506784975528717, 0.002496749395504594, 0.002466076985001564, 0.0025091846473515034, 0.0025880674365907907, nan, nan, nan, nan, nan, nan, nan, nan, nan, nan, nan, nan, nan, nan, nan, nan, nan, nan, nan, nan, nan, nan, 1.0616368055343628, 0.20753780007362366, 0.0018134003039449453, 0.0018152551492676139, 0.0017897525103762746, 0.0017850421136245131, 0.0017731485422700644, 0.0017964631551876664, 0.0018140103202313185, 0.001803260063752532, 0.0018209029221907258, 0.0018097099382430315, 0.0018255817703902721, 0.0018333247862756252, 0.0018611977575346828, 0.0018487661145627499, 0.001865037134848535, 0.0018538881558924913, 0.0019202628172934055, 0.001970031065866351, 0.0019474367145448923, 0.001995721133425832, 0.0020416961051523685, 0.002044543856754899, 0.002085551619529724, 0.0021345510613173246, 0.002100329613313079, 0.002155562164261937, 0.0022353469394147396, 0.0022280896082520485, 0.0022273859940469265, 0.0022916127927601337, 0.002375925425440073, 0.0024053819943219423, 0.002393885748460889, 0.0024436700623482466, 0.0025031352415680885, 0.002556045539677143, nan, nan, nan, nan, nan, nan, nan, nan, nan, nan, nan, nan, nan, nan, nan, nan, nan, nan, nan, nan, nan, nan, 1.0162533521652222, 0.1986885666847229, 0.0017553619109094143, 0.001770190428942442, 0.0017794972518458962, 0.0017369764391332865, 0.0017228529322892427, 0.0017519777175039053, 0.0017606823239475489, 0.0017448610160499811, 0.0017709671519696712, 0.0017697594594210386, 0.001792511553503573, 0.001785381231456995, 0.0018186881206929684, 0.0018140044994652271, 0.0018314719200134277, 0.001824007835239172, 0.0018786019645631313, 0.001912662643007934, 0.0019023026106879115, 0.0019397458527237177, 0.001958416774868965, 0.002006994094699621, 0.002072075614705682, 0.0021090954542160034, 0.0020742290653288364, 0.0021275223698467016, 0.0021984491031616926, 0.0021510685328394175, 0.0021978416480123997, 0.002257721731439233, 0.0023057558573782444, 0.0022960384376347065, 0.0023475072812289, 0.0024327151477336884, 0.0025005643256008625, 0.0025485390797257423, nan, nan, nan, nan, nan, nan, nan, nan, nan, nan, nan, nan, nan, nan, nan, nan, nan, nan, nan, nan, nan, nan, 0.9249922633171082, 0.1809074878692627, 0.0017054100753739476, 0.0017194428946822882, 0.0017234691185876727, 0.0016787706408649683, 0.0016439080936834216, 0.0016808774089440703, 0.0017095311777666211, 0.0016798286233097315, 0.0016551800072193146, 0.0016920168418437243, 0.0017345900414511561, 0.0017290163086727262, 0.0017480275128036737, 0.0017465816345065832, 0.0017773153958842158, 0.001780721009708941, 0.0018244195962324739, 0.001823181170038879, 0.0018353172345086932, 0.0018395782681182027, 0.0018898829584941268, 0.0019676198717206717, 0.002023183275014162, 0.002008996671065688, 0.0020427354611456394, 0.002108311513438821, 0.0021432433277368546, 0.0021131199318915606, 0.002168266801163554, 0.002208616817370057, 0.002203448675572872, 0.0022533871233463287, 0.0023370797280222178, 0.0024082332383841276, 0.002495088381692767, 0.002548827789723873, nan, nan, nan, nan, nan, nan, nan, nan, nan, nan, nan, nan, nan, nan, nan, nan, nan, nan, nan, nan, nan, nan, 0.891135573387146, 0.17428472638130188, 0.0016712738433852792, 0.0016594479093328118, 0.0016656711231917143, 0.0016149348812177777, 0.0015874917153269053, 0.0016179282683879137, 0.001657666638493538, 0.0016182303661480546, 0.0015892048832029104, 0.0016269393963739276, 0.001633640960790217, 0.0016495415475219488, 0.001660479698330164, 0.0016796961426734924, 0.0016800406156107783, 0.0017249162774533033, 0.0017693854169920087, 0.001756448531523347, 0.0017920961836352944, 0.0017939867684617639, 0.0018489804351702332, 0.0019271328346803784, 0.001968539319932461, 0.001954050734639168, 0.002007948700338602, 0.0020548757165670395, 0.0020657966379076242, 0.002082669408991933, 0.00212401757016778, 0.0021191949490457773, 0.002165291691198945, 0.0022478331811726093, 0.0023307420779019594, 0.0024002129212021828, 0.0024880694691091776, 0.002547462470829487, nan, nan, nan, nan, nan, nan, nan, nan, nan, nan, nan, nan, nan, nan, nan, nan, nan, nan, nan, nan, nan, nan, 0.9314031004905701, 0.18206098675727844, 0.001623561605811119, 0.0015867284964770079, 0.0015925046755000949, 0.0015488731442019343, 0.0015543620102107525, 0.0015639696503058076, 0.0015843756264075637, 0.001559954951517284, 0.0015387296443805099, 0.0015583313070237637, 0.0015509005170315504, 0.001587888807989657, 0.0015935475239530206, 0.0016334139509126544, 0.001631686114706099, 0.0016707245958968997, 0.0016776518896222115, 0.0017157495021820068, 0.0017516141524538398, 0.0017715682042762637, 0.0018276770133525133, 0.001861574943177402, 0.0018674168968573213, 0.0019026171648874879, 0.001961862202733755, 0.0019651458133012056, 0.0020134374499320984, 0.0020402411464601755, 0.002040337771177292, 0.002083907835185528, 0.0021602350752800703, 0.002238027285784483, 0.0023072026669979095, 0.002389329019933939, 0.0024624879006296396, 0.0025406470522284508, nan, nan, nan, nan, nan, nan, nan, nan, nan, nan, nan, nan, nan, nan, nan, nan, nan, nan, nan, nan, nan, nan, 0.9106934070587158, 0.1779811531305313, 0.0015478796558454633, 0.0015071273082867265, 0.0015134064015001059, 0.0014922493137419224, 0.0015055587282404304, 0.0014909011078998446, 0.0014836080372333527, 0.0014861751114949584, 0.0014877869980409741, 0.0015096761053428054, 0.0014959534164518118, 0.001515120966359973, 0.001536114257760346, 0.0015792754711583257, 0.0015807639574632049, 0.001614901004359126, 0.001623961259610951, 0.0016674824291840196, 0.0016744446475058794, 0.001727538532577455, 0.0017848715651780367, 0.0017683508340269327, 0.0018099546432495117, 0.0018649086123332381, 0.0018692018929868937, 0.001907656667754054, 0.0019918070174753666]
  - 
    layout: 
      dim: 
        - 
          label: "column_index"
          size: 60
          stride: 3600
        - 
          label: "row_index"
          size: 60
          stride: 60
      data_offset: 0
    data: [1.0019361972808838, 1.0020136833190918, 1.0020626783370972, 1.002072811126709, 0.618057131767273, 0.02239430509507656, 0.022447461262345314, 0.02256033383309841, 0.02256034128367901, nan, nan, nan, nan, nan, nan, nan, nan, nan, nan, nan, nan, nan, nan, nan, nan, nan, nan, nan, nan, nan, nan, 1.1364471912384033, 1.1215171813964844, 0.021562747657299042, 0.021551690995693207, 0.021522104740142822, 0.02152414806187153, 0.021518157795071602, 0.021505514159798622, 0.021481234580278397, 0.02148311957716942, 0.02150842733681202, 0.021518630906939507, 0.02152220904827118, 0.02152419462800026, 0.021579299122095108, 0.021610094234347343, 0.021633971482515335, 0.7417314648628235, 1.131341814994812, 1.0930755138397217, 1.0016279220581055, 1.0016385316848755, 1.0016677379608154, 1.0017006397247314, 1.0017116069793701, 1.001746416091919, 1.001847505569458, 1.0018649101257324, 1.0018589496612549, 1.0019633769989014, 1.0020432472229004, 1.0020956993103027, 1.002105474472046, 1.0020956993103027, 0.02237466722726822, 0.022447744384407997, 0.022537827491760254, 0.02255643717944622, nan, nan, nan, nan, nan, nan, nan, nan, nan, nan, nan, nan, nan, nan, nan, nan, nan, nan, nan, nan, nan, nan, 1.0856518745422363, 1.0557483434677124, 0.021479608491063118, 0.02146925777196884, 0.021443352103233337, 0.021444616839289665, 0.021442417055368423, 0.021465608850121498, 0.02147742174565792, 0.021465856581926346, 0.021467672660946846, 0.02147793211042881, 0.021466361358761787, 0.02146919071674347, 0.02148141898214817, 0.021508589386940002, 0.021518798545002937, 1.1353048086166382, 1.1419790983200073, 1.1344738006591797, 1.0016422271728516, 1.001644492149353, 1.0016772747039795, 1.0017093420028687, 1.0017118453979492, 1.0017672777175903, 1.001861333847046, 1.001868486404419, 1.001879334449768, 1.0019639730453491, 1.002044439315796, 1.0021060705184937, 1.002107858657837, 1.0021063089370728, 0.022344350814819336, 0.02244783379137516, 0.022483164444565773, 0.022498730570077896, nan, nan, nan, nan, nan, nan, nan, nan, nan, nan, nan, nan, nan, nan, nan, nan, nan, nan, nan, nan, nan, nan, 0.9947139620780945, 0.9799395203590393, 0.021432479843497276, 0.02140844613313675, 0.02140648476779461, 0.021395623683929443, 0.021370904520154, 0.02137077786028385, 0.02137131057679653, 0.02137179672718048, 0.021392814815044403, 0.021406391635537148, 0.021406417712569237, 0.02143142744898796, 0.02144310437142849, 0.021467676386237144, 0.021479204297065735, 1.1377015113830566, 1.1428508758544922, 1.1382575035095215, 1.0016307830810547, 1.001641869544983, 1.0016684532165527, 1.0016995668411255, 1.0017117261886597, 1.0017679929733276, 1.0018333196640015, 1.0018644332885742, 1.0018843412399292, 1.0019638538360596, 1.0020447969436646, 1.0020980834960938, 1.0021060705184937, 1.0020980834960938, 0.022344443947076797, 0.02240733802318573, 0.022438524290919304, 0.022375859320163727, nan, nan, nan, nan, nan, nan, nan, nan, nan, nan, nan, nan, nan, nan, nan, nan, nan, nan, nan, nan, nan, nan, 0.9501713514328003, 0.9450891613960266, 0.021380223333835602, 0.021334797143936157, 0.021330583840608597, 0.02131698653101921, 0.02129167690873146, 0.021291354671120644, 0.02129225619137287, 0.021292714402079582, 0.021296795457601547, 0.02131819911301136, 0.021332023665308952, 0.021379346027970314, 0.021405842155218124, 0.02142990566790104, 0.021439969539642334, 1.178571343421936, 1.1998944282531738, 1.190093994140625, 1.0016082525253296, 1.0016158819198608, 1.0016416311264038, 1.0016452074050903, 1.001686692237854, 1.0017362833023071, 1.0017650127410889, 1.0018045902252197, 1.0018830299377441, 1.0019503831863403, 1.0020307302474976, 1.002079963684082, 1.0020813941955566, 1.002079963684082, 0.02230711281299591, 0.022336594760417938, 0.022294221445918083, 0.02220429666340351, nan, nan, nan, nan, nan, nan, nan, nan, nan, nan, nan, nan, nan, nan, nan, nan, nan, nan, nan, nan, nan, nan, 0.940371036529541, 0.9382877945899963, 0.021316980943083763, 0.021290067583322525, 0.021279944106936455, 0.02125639282166958, 0.021251443773508072, 0.021242476999759674, 0.021241851150989532, 0.02125532738864422, 0.02125517651438713, 0.02127728797495365, 0.021293191239237785, 0.021293893456459045, 0.02131747081875801, 0.0213337205350399, 0.021379152312874794, 1.2243192195892334, 1.2328740358352661, 1.225266456604004, 1.0297584533691406, 1.0016191005706787, 1.001619815826416, 1.0016192197799683, 1.0016860961914062, 1.001686692237854, 1.0017226934432983, 1.001792073249817, 1.0018703937530518, 1.0019270181655884, 1.002005934715271, 1.0020745992660522, 1.0020760297775269, 1.0020747184753418, 0.022129764780402184, 0.022161336615681648, 0.02223172038793564, 0.022245965898036957, nan, nan, nan, nan, nan, nan, nan, nan, nan, nan, nan, nan, nan, nan, nan, nan, nan, nan, nan, nan, nan, nan, 0.939116895198822, 0.9315486550331116, 0.021254276856780052, 0.021240536123514175, 0.021215863525867462, 0.021213511005043983, 0.02119789645075798, 0.02116827666759491, 0.02119755931198597, 0.02121005766093731, 0.021199870854616165, 0.021200990304350853, 0.021215371787548065, 0.02121921442449093, 0.021264033392071724, 0.021291958168148994, 0.021292006596922874, 1.2328740358352661, 1.2348451614379883, 1.2328740358352661, 1.1208019256591797, 1.0016164779663086, 1.0016191005706787, 1.0016164779663086, 1.0016589164733887, 1.0016833543777466, 1.0017123222351074, 1.0017683506011963, 1.0018470287322998, 1.001927137374878, 1.00200617313385, 1.00204598903656, 1.0020661354064941, 1.0020151138305664, 0.022080518305301666, 0.022161424160003662, 0.022245654836297035, 0.022248590365052223, nan, nan, nan, nan, nan, nan, nan, nan, nan, nan, nan, nan, nan, nan, nan, nan, nan, nan, nan, nan, nan, nan, 0.9338652491569519, 0.900220513343811, 0.02117118053138256, 0.021156668663024902, 0.021130388602614403, 0.021129963919520378, 0.02112874761223793, 0.0211141649633646, 0.021113527938723564, 0.02112768031656742, 0.021127579733729362, 0.021130546927452087, 0.021156124770641327, 0.021171273663640022, 0.021175632253289223, 0.02120002917945385, 0.02123996987938881, 1.2064793109893799, 1.257710576057434, 1.2687604427337646, 1.248462200164795, 1.1429349184036255, 1.0709024667739868, 1.0016107559204102, 1.0016109943389893, 1.0016111135482788, 1.00168776512146, 1.0017539262771606, 1.001847743988037, 1.0018961429595947, 1.0019752979278564, 1.0019997358322144, 1.0019283294677734, 1.001806616783142, 0.022080635651946068, 0.022129788994789124, 0.022214913740754128, 0.022243397310376167, nan, nan, nan, nan, nan, nan, nan, nan, nan, nan, nan, nan, nan, nan, nan, nan, nan, nan, nan, nan, nan, nan, 0.8334579467773438, 0.8183842301368713, 0.02112598530948162, 0.021090030670166016, 0.02107415720820427, 0.021050522103905678, 0.02104915678501129, 0.02104746736586094, 0.021047202870249748, 0.021074015647172928, 0.021085141226649284, 0.021078169345855713, 0.021061569452285767, 0.021104009822010994, 0.02112935669720173, 0.021130742505192757, 0.021197017282247543, 0.714607298374176, 1.262088418006897, 1.2697691917419434, 1.2630620002746582, 1.171363353729248, 1.1589442491531372, 1.061084270477295, 1.0016111135482788, 1.0016112327575684, 1.0016876459121704, 1.0017647743225098, 1.0018478631973267, 1.0362826585769653, 1.0363584756851196, 1.036614179611206, 1.036644697189331, 1.0241656303405762, 0.022051068022847176, 0.02207733690738678, 0.022118497639894485, 0.022118577733635902, nan, nan, nan, nan, nan, nan, nan, nan, nan, nan, nan, nan, nan, nan, nan, nan, nan, nan, nan, nan, nan, nan, 0.7857527732849121, 0.7705127000808716, 0.02109702117741108, 0.021033935248851776, 0.021010901778936386, 0.02101137861609459, 0.02099735289812088, 0.02097586914896965, 0.020976129919290543, 0.02099638059735298, 0.0210094153881073, 0.021010542288422585, 0.0210152268409729, 0.02101743221282959, 0.021061023697257042, 0.021099112927913666, 0.021144632250070572, 0.5158612728118896, 1.10065495967865, 1.262938141822815, 1.2329798936843872, 1.195518136024475, 1.2070170640945435, 1.1845486164093018, 1.135365605354309, 1.1020182371139526, 1.0363342761993408, 1.036327838897705, 1.0362831354141235, 1.0362911224365234, 1.0364140272140503, 1.0366429090499878, 1.0366591215133667, 1.0335158109664917, 0.02196788787841797, 0.02204028330743313, 0.022118575870990753, 0.022118592634797096, nan, nan, nan, nan, nan, nan, nan, nan, nan, nan, nan, nan, nan, nan, nan, nan, nan, nan, nan, nan, nan, nan, 0.8074712157249451, 0.7871946692466736, 0.02101794071495533, 0.020971620455384254, 0.020956557244062424, 0.02093234844505787, 0.020930087193846703, 0.020928338170051575, 0.020919185131788254, 0.02090538665652275, 0.0209063570946455, 0.020946256816387177, 0.020971408113837242, 0.020974328741431236, 0.020976504310965538, 0.021034156903624535, 0.02105649560689926, 0.7612484097480774, 0.8177950382232666, 0.7612561583518982, 0.7211625576019287, 1.2070170640945435, 1.2096666097640991, 1.2044894695281982, 1.1420871019363403, 1.1354272365570068, 1.0363404750823975, 1.0363407135009766, 1.036293625831604, 1.0362706184387207, 1.0363517999649048, 1.0365725755691528, 1.036644697189331, 0.6728203892707825, 0.021967971697449684, 0.02201196923851967, 0.022087914869189262, 0.022113274782896042, nan, nan, nan, nan, nan, nan, nan, nan, nan, nan, nan, nan, nan, nan, nan, nan, nan, nan, nan, nan, nan, nan, 0.8108192086219788, 0.8030514121055603, 0.020953789353370667, 0.02092723920941353, 0.020893801003694534, 0.02088203839957714, 0.02086176536977291, 0.02085428684949875, 0.020854519680142403, 0.020860839635133743, 0.020865820348262787, 0.020866282284259796, 0.02090669609606266, 0.020931368693709373, 0.020955637097358704, 0.02099469117820263, 0.021015482023358345, 0.5157983899116516, 0.7612483501434326, 0.5158578753471375, 0.021174991503357887, 0.7443591952323914, 1.193204641342163, 1.1845486164093018, 1.135365605354309, 1.1020182371139526, 1.0363253355026245, 1.036326289176941, 1.0362831354141235, 0.02161179482936859, 0.021680885925889015, 0.021760733798146248, 0.021834850311279297, 0.021866081282496452, 0.021935828030109406, 0.021965010091662407, 0.02200489118695259, 0.022004980593919754, nan, nan, nan, nan, nan, nan, nan, nan, nan, nan, nan, nan, nan, nan, nan, nan, nan, nan, nan, nan, nan, nan, 0.8002994656562805, 0.7532278895378113, 0.020925825461745262, 0.020900381729006767, 0.02083916775882244, 0.02080036699771881, 0.02077874355018139, 0.020777812227606773, 0.020778069272637367, 0.020799456164240837, 0.02081400342285633, 0.020819222554564476, 0.020847968757152557, 0.02086525969207287, 0.020904669538140297, 0.02093232050538063, 0.02098069339990616, 0.02101532556116581, 0.021061742678284645, 0.021099166944622993, 0.021169858053326607, 0.02125605382025242, 0.02133174240589142, 0.02138046734035015, 0.021400827914476395, 0.021394656971096992, 0.021443892270326614, 0.02149198204278946, 0.021577049046754837, 0.02160676382482052, 0.021655229851603508, 0.021732749417424202, 0.021808799356222153, 0.021835198625922203, 0.02188590168952942, 0.021957209333777428, 0.022004976868629456, 0.022004999220371246, nan, nan, nan, nan, nan, nan, nan, nan, nan, nan, nan, nan, nan, nan, nan, nan, nan, nan, nan, nan, nan, nan, 0.642894983291626, 0.6279425024986267, 0.020851148292422295, 0.020822394639253616, 0.02077184058725834, 0.020739706233143806, 0.020727770403027534, 0.020709404721856117, 0.02072521485388279, 0.020737020298838615, 0.020760400220751762, 0.02077474072575569, 0.020799096673727036, 0.020818699151277542, 0.020822757855057716, 0.02086883969604969, 0.0209183432161808, 0.020980410277843475, 0.021014822646975517, 0.021073348820209503, 0.02115510404109955, 0.021241314709186554, 0.021304596215486526, 0.02132492884993553, 0.021316535770893097, 0.021345792338252068, 0.021416353061795235, 0.02144390344619751, 0.021521927788853645, 0.02157614380121231, 0.02161112241446972, 0.021671395748853683, 0.021750999614596367, 0.021804876625537872, 0.0218858290463686, 0.021966520696878433, 0.021991150453686714, 0.02200232818722725, nan, nan, nan, nan, nan, nan, nan, nan, nan, nan, nan, nan, nan, nan, nan, nan, nan, nan, nan, nan, nan, nan, 0.598142147064209, 0.5937546491622925, 0.02077341079711914, 0.02077358588576317, 0.020743727684020996, 0.02069580741226673, 0.020681731402873993, 0.020663881674408913, 0.02068185620009899, 0.02069331705570221, 0.020693309605121613, 0.020703524351119995, 0.02070983126759529, 0.02074926719069481, 0.02079854905605316, 0.020819351077079773, 0.020865317434072495, 0.020900651812553406, 0.020970597863197327, 0.021048538386821747, 0.021128656342625618, 0.021181214600801468, 0.021207444369792938, 0.021214893087744713, 0.02126402221620083, 0.021317891776561737, 0.021372614428400993, 0.02144278772175312, 0.021491536870598793, 0.021522998809814453, 0.021607693284749985, 0.02168155275285244, 0.021762210875749588, 0.021791981533169746, 0.021855836734175682, 0.021940002217888832, 0.021966874599456787, 0.02195972017943859, nan, nan, nan, nan, nan, nan, nan, nan, nan, nan, nan, nan, nan, nan, nan, nan, nan, nan, nan, nan, nan, nan, 0.5847357511520386, 0.5823010206222534, 0.020703908056020737, 0.02069074474275112, 0.02066580019891262, 0.020622538402676582, 0.020619872957468033, 0.020615817978978157, 0.020611152052879333, 0.020619306713342667, 0.02064218744635582, 0.020653149113059044, 0.020679904147982597, 0.02070521004498005, 0.02071048691868782, 0.020784327760338783, 0.0208190456032753, 0.02089248038828373, 0.020970653742551804, 0.021018026396632195, 0.021097267046570778, 0.021125411614775658, 0.021128375083208084, 0.02119671180844307, 0.021218033507466316, 0.021327082067728043, 0.021355360746383667, 0.021415915340185165, 0.021468879655003548, 0.02152310498058796, 0.021577076986432076, 0.021656585857272148, 0.021737318485975266, 0.02176637388765812, 0.021828992292284966, 0.02188691683113575, 0.02195701189339161, 0.021967943757772446, nan, nan, nan, nan, nan, nan, nan, nan, nan, nan, nan, nan, nan, nan, nan, nan, nan, nan, nan, nan, nan, nan, 0.5820256471633911, 0.5682699680328369, 0.02067805640399456, 0.02063876762986183, 0.02059023641049862, 0.0205529872328043, 0.020547013729810715, 0.020538510754704475, 0.020537983626127243, 0.020562341436743736, 0.020573750138282776, 0.02057931013405323, 0.020625105127692223, 0.020678596571087837, 0.02069617621600628, 0.02073724754154682, 0.020814096555113792, 0.020861787721514702, 0.020940035581588745, 0.020966963842511177, 0.02099435217678547, 0.021060850471258163, 0.021090272814035416, 0.02116900123655796, 0.021196089684963226, 0.021301046013832092, 0.0213310569524765, 0.021373385563492775, 0.02147904597222805, 0.021508807316422462, 0.02155146561563015, 0.021612869575619698, 0.0217101089656353, 0.021762892603874207, 0.021837111562490463, 0.021886803209781647, 0.021967438980937004, 0.021969957277178764, nan, nan, nan, nan, nan, nan, nan, nan, nan, nan, nan, nan, nan, nan, nan, nan, nan, nan, nan, nan, nan, nan, 0.5413287281990051, 0.539272665977478, 0.020599128678441048, 0.020547131076455116, 0.02053634077310562, 0.02052146941423416, 0.020486146211624146, 0.020467465743422508, 0.020485149696469307, 0.020494386553764343, 0.020504608750343323, 0.020527049899101257, 0.020564477890729904, 0.020606355741620064, 0.020641503855586052, 0.0207194946706295, 0.020785899832844734, 0.020810848101973534, 0.020854538306593895, 0.02090410701930523, 0.020931238308548927, 0.021013852208852768, 0.02107229083776474, 0.02115284837782383, 0.021169086918234825, 0.02125275321304798, 0.02133113704621792, 0.02135619707405567, 0.02145330235362053, 0.021479768678545952, 0.021563084796071053, 0.021613003686070442, 0.02172205038368702, 0.02175053581595421, 0.021812235936522484, 0.021869821473956108, 0.021941864863038063, 0.021965118125081062, nan, nan, nan, nan, nan, nan, nan, nan, nan, nan, nan, nan, nan, nan, nan, nan, nan, nan, nan, nan, nan, nan, 0.5316342115402222, 0.5162400603294373, 0.020560814067721367, 0.020522134378552437, 0.020485788583755493, 0.020449867472052574, 0.02042483724653721, 0.020421290770173073, 0.020413029938936234, 0.02044040337204933, 0.020453352481126785, 0.020462943241000175, 0.02049386315047741, 0.02054602839052677, 0.020616216585040092, 0.02066619321703911, 0.020695706829428673, 0.020758356899023056, 0.020838210359215736, 0.020860565826296806, 0.020914694294333458, 0.020993703976273537, 0.02104470506310463, 0.02112443372607231, 0.021153263747692108, 0.021239878609776497, 0.02131757140159607, 0.02135845459997654, 0.021405169740319252, 0.02146909013390541, 0.02155117131769657, 0.021597594022750854, 0.021699078381061554, 0.021727537736296654, 0.021769752725958824, 0.021831495687365532, 0.021886270493268967, 0.021889787167310715, nan, nan, nan, nan, nan, nan, nan, nan, nan, nan, nan, nan, nan, nan, nan, nan, nan, nan, nan, nan, nan, nan, 0.5526993274688721, 0.5300979018211365, 0.02049396187067032, 0.020462963730096817, 0.020428849384188652, 0.02042720466852188, 0.02045450173318386, 0.0204312726855278, 0.020372923463582993, 0.020370841026306152, 0.020380664616823196, 0.020408745855093002, 0.020462755113840103, 0.02050861530005932, 0.02058565616607666, 0.02061964012682438, 0.020678093656897545, 0.02071860432624817, 0.020789146423339844, 0.020818505436182022, 0.020892629399895668, 0.02095402404665947, 0.021033024415373802, 0.021099772304296494, 0.021128632128238678, 0.021212108433246613, 0.021289965137839317, 0.021369634196162224, 0.02139434777200222, 0.021444180980324745, 0.021522901952266693, 0.021566366776823997, 0.021648302674293518, 0.0217250008136034, 0.021769898012280464, 0.021840663626790047, 0.021872058510780334, 0.021886957809329033, nan, nan, nan, nan, nan, nan, nan, nan, nan, nan, nan, nan, nan, nan, nan, nan, nan, nan, nan, nan, nan, nan, 0.556989848613739, 0.5516552925109863, 0.020464105531573296, 0.02040877193212509, 0.02037540078163147, 0.020449738949537277, 0.020456768572330475, 0.020451415330171585, 0.020380539819598198, 0.020353449508547783, 0.02034943550825119, 0.020378993824124336, 0.0204263087362051, 0.020462343469262123, 0.020527014508843422, 0.020569046959280968, 0.020640667527914047, 0.02069118432700634, 0.02074580453336239, 0.020799510180950165, 0.020878754556179047, 0.020927807316184044, 0.021007610484957695, 0.021050194278359413, 0.021129895001649857, 0.021200010553002357, 0.021280914545059204, 0.021359408274292946, 0.021370548754930496, 0.021432414650917053, 0.02151159942150116, 0.02156948298215866, 0.021638164296746254, 0.021714042872190475, 0.021755123510956764, 0.021831976249814034, 0.021872539073228836, 0.021885734051465988, nan, nan, nan, nan, nan, nan, nan, nan, nan, nan, nan, nan, nan, nan, nan, nan, nan, nan, nan, nan, nan, nan, 0.5523819923400879, 0.5152139663696289, 0.020455487072467804, 0.020380424335598946, 0.020376859232783318, 0.02042713575065136, 0.020451415330171585, 0.020428765565156937, 0.020371975377202034, 0.02034923993051052, 0.020339610055088997, 0.020368648692965508, 0.020378490909934044, 0.020419487729668617, 0.02050401084125042, 0.020536178722977638, 0.020605996251106262, 0.020683325827121735, 0.02073652856051922, 0.02076912671327591, 0.02084294520318508, 0.020916499197483063, 0.020996863022446632, 0.021047715097665787, 0.02112736739218235, 0.021168895065784454, 0.02125506103038788, 0.0213308222591877, 0.021334372460842133, 0.021406473591923714, 0.02148132398724556, 0.021564729511737823, 0.021610571071505547, 0.02168453484773636, 0.021726904436945915, 0.021807590499520302, 0.02188451960682869, 0.021887991577386856, 1.3389848470687866, 1.335972547531128, 1.2860785722732544, 1.2260123491287231, 1.13355553150177, 1.0867947340011597, 1.466038465499878, 1.4953632354736328, 1.465245246887207, 0.9796721339225769, 0.8843043446540833, 0.881752610206604, 0.8338070511817932, 0.7426160573959351, 0.7362251877784729, 0.6840608716011047, 0.6854823231697083, 0.6792304515838623, 0.593068540096283, 0.5860180854797363, 0.5340398550033569, 0.4840218424797058, 0.4806169271469116, 0.438469797372818, 0.02044239267706871, 0.02037784270942211, 0.020378509536385536, 0.020376859232783318, 0.020350484177470207, 0.02034088410437107, 0.020340653136372566, 0.020340019837021828, 0.020339112728834152, 0.020339099690318108, 0.020361479371786118, 0.02040237933397293, 0.020484086126089096, 0.02051164023578167, 0.020581871271133423, 0.020660467445850372, 0.020736807957291603, 0.020767994225025177, 0.02084345743060112, 0.02091859094798565, 0.02095758356153965, 0.02105037122964859, 0.021115152165293694, 0.021158168092370033, 0.021242208778858185, 0.021318713203072548, 0.021334271878004074, 0.02140849456191063, 0.02148374728858471, 0.02155216969549656, 0.021613063290715218, 0.021673403680324554, 0.021725881844758987, 0.02181040123105049, 0.02187073789536953, 0.02188539132475853, 1.335972547531128, 1.3203802108764648, 1.268027663230896, 1.1954853534698486, 1.1200478076934814, 1.0563795566558838, 1.3058682680130005, 1.457693338394165, 1.301761507987976, 0.9473042488098145, 0.8811127543449402, 0.8679013848304749, 0.8026366829872131, 0.7422903180122375, 0.7120219469070435, 0.6758202314376831, 0.6825526356697083, 0.6529425978660583, 0.5919995307922363, 0.5713493824005127, 0.5171532034873962, 0.4816405773162842, 0.4665711522102356, 0.27463260293006897, 0.020400580018758774, 0.020370885729789734, 0.020375438034534454, 0.02036500908434391, 0.020339621230959892, 0.02033890224993229, 0.020340004935860634, 0.020340077579021454, 0.020339807495474815, 0.020338302478194237, 0.02033870480954647, 0.020381517708301544, 0.020463164895772934, 0.020511729642748833, 0.020580004900693893, 0.02065412886440754, 0.020721638575196266, 0.02077532559633255, 0.02085324004292488, 0.02092783711850643, 0.020956087857484818, 0.021049952134490013, 0.02109036035835743, 0.021155113354325294, 0.02121562510728836, 0.02129354327917099, 0.0213323887437582, 0.02142947167158127, 0.02150697261095047, 0.021549349650740623, 0.02163325808942318, 0.02169421873986721, 0.021749291568994522, 0.02182682789862156, 0.021867331117391586, 0.02188221924006939, 0.02188432216644287, 0.0218711718916893, 0.021830005571246147, 0.021752631291747093, 0.021687429398298264, 0.021613802760839462, 0.021525384858250618, 0.021484648808836937, 0.021432800218462944, 0.0213580634444952, 0.02129424177110195, 0.02121669240295887, 0.02117149345576763, 0.02111445553600788, 0.021037627011537552, 0.020934592932462692, 0.02089507319033146, 0.02082338184118271, 0.020753497257828712, 0.020696677267551422, 0.020642239600419998, 0.02058068849146366, 0.0205259807407856, 0.02045673504471779, 0.02038092352449894, 0.02033918909728527, 0.020364271476864815, 0.020374393090605736, 0.020363012328743935, 0.020338911563158035, 0.02033964730799198, 0.02033994160592556, 0.020339271053671837, 0.02033817768096924, 0.02036266028881073, 0.02040725201368332, 0.020481780171394348, 0.02055245265364647, 0.020601525902748108, 0.020679721608757973, 0.02072194032371044, 0.020799849182367325, 0.020879261195659637, 0.020930714905261993, 0.02099551074206829, 0.02107541635632515, 0.021113043650984764, 0.02119838446378708, 0.02123967744410038, 0.021315835416316986, 0.021377461031079292, 0.021492311730980873, 0.021549632772803307, 0.02161606214940548, 0.021670736372470856, 0.02174958400428295, 0.021810278296470642, 0.021867362782359123, 0.02193669229745865, 0.021963169798254967, 0.02188657410442829, 0.021883124485611916, 0.021833615377545357, 0.02176053635776043, 0.021682899445295334, 0.021609224379062653, 0.021520964801311493, 0.02148088440299034, 0.021405402570962906, 0.021333662793040276, 0.02131791226565838, 0.021241990849375725, 0.021171528846025467, 0.021115928888320923, 0.021038871258497238, 0.020958684384822845, 0.02091836743056774, 0.020844267681241035, 0.020769525319337845, 0.020705580711364746, 0.02062292955815792, 0.020601550117135048, 0.020525069907307625, 0.020462755113840103, 0.020401731133461, 0.020339693874120712, 0.020374683663249016, 0.020377013832330704, 0.020374683663249016, 0.0203388798981905, 0.020338496193289757, 0.020337726920843124, 0.02033933810889721, 0.0203395988792181, 0.020399969071149826, 0.020466595888137817, 0.02051948755979538, 0.020599663257598877, 0.020638661459088326, 0.02071944810450077, 0.020783191546797752, 0.02083849534392357, 0.020915042608976364, 0.020954569801688194, 0.021033426746726036, 0.02111317217350006, 0.021153787150979042, 0.0212398748844862, 0.021302122622728348, 0.021356631070375443, 0.021429620683193207, 0.021549776196479797, 0.02159441076219082, 0.021670790389180183, 0.021709484979510307, 0.02179231308400631, 0.021867532283067703, 0.0219161044806242, 0.02199137583374977, 0.022002749145030975, 0.021889252588152885, 0.021888675168156624, 0.021841417998075485, 0.02176814153790474, 0.021687757223844528, 0.02163691259920597, 0.021552937105298042, 0.0214846171438694, 0.02140919119119644, 0.021336570382118225, 0.02133026532828808, 0.021254591643810272, 0.02117193676531315, 0.02112710475921631, 0.021047446876764297, 0.020994817838072777, 0.020931145176291466, 0.020855750888586044, 0.02077963389456272, 0.020711161196231842, 0.02066543698310852, 0.02061469852924347, 0.020535940304398537, 0.02048679254949093, 0.02042102813720703, 0.020348746329545975, 0.020363489165902138, 0.020374208688735962, 0.020362213253974915, 0.020337924361228943, 0.02033858187496662, 0.020340196788311005, 0.02034078910946846, 0.020386451855301857, 0.020447760820388794, 0.020521318539977074, 0.020560162141919136, 0.0206388458609581, 0.020703749731183052, 0.020759353414177895, 0.020838769152760506, 0.020877959206700325, 0.020954756066203117, 0.021018246188759804, 0.021073805168271065, 0.02115388587117195, 0.02119760401546955, 0.021278582513332367, 0.021356843411922455, 0.021416407078504562, 0.021467797458171844, 0.02159455418586731, 0.02163444273173809, 0.02170967124402523, 0.021776655688881874, 0.021827934309840202, 0.021886294707655907, 0.021956659853458405, 0.02202805131673813, 0.02203979343175888, 0.021889375522732735, 0.021889321506023407, 0.021839430555701256, 0.021765202283859253, 0.02168511599302292, 0.021643659099936485, 0.021565420553088188, 0.02148253284394741, 0.021409552544355392, 0.02138202264904976, 0.021332643926143646, 0.02125721238553524, 0.0211709663271904, 0.02112036570906639, 0.021049560979008675, 0.021006686612963676, 0.020930489525198936, 0.020878365263342857, 0.020799856632947922, 0.02072795480489731, 0.020690010860562325, 0.0206198301166296, 0.020560812205076218, 0.020520539954304695, 0.020449848845601082, 0.020370954647660255, 0.02033942937850952, 0.02033788152039051, 0.02035083994269371, 0.02035437524318695, 0.020354382693767548, 0.020354336127638817, 0.02036874182522297, 0.020441001281142235, 0.020481979474425316, 0.020560361444950104, 0.020623669028282166, 0.020678939297795296, 0.020759569481015205, 0.020799053832888603, 0.020878178998827934, 0.020940560847520828, 0.02099532075226307, 0.02107403799891472, 0.02111385576426983, 0.021197820082306862, 0.02126285620033741, 0.02131691575050354, 0.02139434777200222, 0.021468093618750572, 0.02150811068713665, 0.021634573116898537, 0.02169552817940712, 0.02175065502524376, 0.021828196942806244, 0.021868722513318062, 0.021937862038612366, 0.02201453037559986, 0.02206622250378132, 0.02207835391163826, 0.021889332681894302, 0.02188912220299244, 0.021831287071108818, 0.02179395593702793, 0.021711012348532677, 0.02164912410080433, 0.02156766690313816, 0.021507715806365013, 0.021429963409900665, 0.021403269842267036, 0.021327706053853035, 0.02125205285847187, 0.02119596116244793, 0.021145517006516457, 0.021073801442980766, 0.021009139716625214, 0.020930789411067963, 0.020888496190309525, 0.020840022712945938, 0.020760051906108856, 0.02069578506052494, 0.020665911957621574, 0.020599381998181343, 0.020545324310660362, 0.02049386315047741, 0.02040691301226616, 0.020370708778500557, 0.020354995504021645, 0.020400043576955795, 0.02042483724653721, 0.02045123279094696, 0.020464492961764336, 0.020457256585359573, 0.02048240788280964, 0.02054513990879059, 0.02060059830546379, 0.02067927084863186, 0.020720522850751877, 0.020799195393919945, 0.020862523466348648, 0.020916065201163292, 0.020995454862713814, 0.02103446237742901, 0.021114131435751915, 0.021154798567295074, 0.021240931004285812, 0.021317193284630775, 0.02137882262468338, 0.02143079601228237, 0.021508237347006798, 0.021550500765442848, 0.021672163158655167, 0.021750925108790398, 0.021793454885482788, 0.02186853624880314, 0.02193804644048214, 0.021992506459355354, 0.02206646092236042, 0.022105807438492775, 0.022118370980024338, 0.021888351067900658, 0.02188696153461933, 0.02182759717106819, 0.021804001182317734, 0.021720342338085175, 0.021644238382577896, 0.021565325558185577, 0.021519087255001068, 0.021467404440045357, 0.02142941579222679, 0.02135503478348255, 0.021276790648698807, 0.02121330052614212, 0.02116475999355316, 0.021085292100906372, 0.021034449338912964, 0.020955674350261688, 0.02090037800371647, 0.020855117589235306, 0.020822787657380104, 0.020743396133184433, 0.020694563165307045, 0.020618697628378868, 0.020570192486047745, 0.020527608692646027, 0.020449968054890633, 0.02042359486222267, 0.02042349986732006, 0.020477810874581337, 0.02053728513419628, 0.02055365778505802, 0.020553650334477425, 0.020533446222543716, 0.020521024242043495, 0.020601022988557816, 0.020639970898628235, 0.020720645785331726, 0.020784391090273857, 0.020839784294366837, 0.02091623842716217, 0.02095586247742176, 0.021034711971879005, 0.021098477765917778, 0.021155085414648056, 0.021223781630396843, 0.021279649809002876, 0.021357832476496696, 0.021430958062410355, 0.021468911319971085, 0.021550767123699188, 0.021617330610752106, 0.024965152144432068, 0.024959200993180275, 0.0249423086643219, 0.024834701791405678, 0.024879667907953262, 0.024717848747968674, 0.024781489744782448, 0.024721181020140648, 0.02461438626050949, 1.0010015964508057, 1.0011440515518188, 1.0014060735702515, 1.0015422105789185, 1.0015404224395752, 1.0013715028762817, 0.6171634197235107, 0.021547842770814896, 0.021481022238731384, 0.021438922733068466, 0.021367792040109634, 0.021288571879267693, 0.021241221576929092, 0.5750644207000732, 0.9148762822151184, 0.8573656678199768, 0.7387086749076843, 0.7302350401878357, 0.7151768803596497, 0.6673190593719482, 0.6003081798553467, 0.5389916300773621, 0.5345513224601746, 0.5157217383384705, 0.4680427014827728, 0.42567771673202515, 0.48066246509552, 0.5262566208839417, 0.560866117477417, 0.5766862034797668, 0.5642597079277039, 0.3331316113471985, 0.28868383169174194, 0.44094204902648926, 0.44215619564056396, 0.27929922938346863, 0.026220327243208885, 0.026262052357196808, 0.026170773431658745, 0.02593843638896942, 0.025989603251218796, 0.025981303304433823, 0.025877928361296654, 0.025664085522294044, 0.025625988841056824, 0.02550342306494713, 0.025250859558582306, 0.025153938680887222, 0.025275588035583496, 0.02522907964885235, 0.025174299255013466, 1.001523494720459, 1.0015872716903687, 1.001609444618225, 1.0015627145767212, 1.0014374256134033, 1.0016552209854126, 1.0017600059509277, 1.0015664100646973, 1.001144289970398, 1.0010913610458374, 1.0011578798294067, 1.0015138387680054, 1.001542568206787, 1.001542329788208, 1.0015374422073364, 1.001356840133667, 0.021561121568083763, 0.021483538672327995, 0.021468881517648697, 0.02139352262020111, 0.021315930411219597, 0.02125692553818226, 0.8498334288597107, 0.9282290935516357, 0.917222261428833, 0.7408559322357178, 0.7332136631011963, 0.7302344441413879, 0.682573139667511, 0.630711019039154, 0.5412983894348145, 0.5345553159713745, 0.5309184193611145, 0.48293665051460266, 0.4367537200450897, 0.5213005542755127, 0.5290772318840027, 0.5773991346359253, 0.5800619721412659, 0.5773629546165466, 0.49564066529273987, 0.4329163730144501, 0.4506321847438812, 0.4820879101753235, 0.5225507616996765, 0.5487406253814697, 0.5826027989387512, 0.6276040077209473, 0.671826958656311, 0.6966842412948608, 0.7282798886299133, 0.7723295092582703, 0.8186219334602356, 0.8654107451438904, 0.8886594176292419, 0.9182784557342529, 0.9666734933853149, 0.9937695264816284, 1.0001659393310547, 1.0014978647232056, 1.0015296936035156, 1.001616358757019, 1.0016210079193115, 1.0016117095947266, 1.0014632940292358, 1.001793622970581, 1.0018151998519897, 1.0017764568328857, 1.0011593103408813, nan, nan, nan, nan, nan, 1.001537561416626, 1.0015076398849487, 0.021593909710645676, 0.0215082298964262, 0.02148371748626232, 0.021408027037978172, 0.02140464447438717, 0.021398982033133507, 0.7862023115158081, 0.9210355281829834, nan, nan, nan, nan, nan, nan, nan, nan, nan, nan, nan, nan, nan, nan, nan, nan, nan, nan, 0.4547830820083618, 0.4958402216434479, 0.5347303152084351, 0.5546512603759766, 0.5964946150779724, 0.6424055695533752, 0.685512363910675, 0.7008906006813049, 0.7420653700828552, 0.7863531112670898, 0.8340243697166443, 0.8800525069236755, 0.8913127779960632, 0.9323058128356934, 0.9830159544944763, 0.997414231300354, 1.0011990070343018, 1.0015254020690918, nan, nan, nan, nan, nan, nan, nan, nan, nan, nan, nan, nan, 0.022205760702490807, 1.0014150142669678, 1.001505732536316, 1.001395583152771, 0.02161291614174843, 0.021526606753468513, 0.02152104116976261, 0.02148498222231865, 0.02140624448657036, 0.021405184641480446, nan, nan, nan, nan, nan, nan, nan, nan, nan, nan, nan, nan, nan, nan, nan, nan, nan, nan, nan, nan, nan, nan, nan, nan, nan, nan, nan, nan, nan, nan, nan, nan, nan, nan, nan, nan, nan, nan, nan, nan, nan, nan, nan, nan, nan, nan, nan, nan, 0.022118661552667618, 0.02217952162027359, 0.022181721404194832, 0.6174762845039368, 0.912723183631897, 0.6172752380371094, 0.02169044315814972, 0.02163989096879959, 0.021523676812648773, nan, nan, nan, nan, nan, nan, nan, nan, nan, nan, nan, nan, nan, nan, nan, nan, nan, nan, nan, nan, nan, nan, nan, nan, nan, nan, nan, nan, nan, nan, nan, nan, nan, nan, nan, nan, nan, nan, nan, nan, nan, nan, nan, nan, nan, nan, nan, nan, nan, nan, 0.02209784835577011, 0.022112945094704628, 0.022061234340071678, 0.02188709005713463, 0.021839233115315437, 0.021831970661878586, 0.021790269762277603, 0.021695926785469055, nan, nan, nan, nan, nan, nan, nan, nan, nan, nan, nan, nan, nan, nan, nan, nan, nan, nan, nan, nan, nan, nan, nan, nan, nan, nan, nan, nan, nan, nan, nan, nan, nan, nan, nan, nan, nan, nan, nan, nan, nan, nan, nan, nan, nan, nan, nan, nan, nan, nan, nan, nan, 0.02204027958214283, 0.022066306322813034, 0.022073058411478996, 0.022053036838769913, 0.02194776013493538, 0.021836193278431892, nan, nan, nan, nan, nan, nan, nan, nan, nan, nan, nan, nan, nan, nan, nan, nan, nan, nan, nan, nan, nan, nan, nan, nan, nan, nan, nan, nan, nan, nan, nan, nan, nan, nan, nan, nan, nan, nan, nan, nan, nan, nan, nan, nan, nan, nan, nan, nan, nan, nan, nan, nan, nan, nan, 0.02211466059088707, 0.022153103724122047, 0.02213282324373722, 0.02207433059811592, nan, nan, nan, nan, nan, nan, nan, nan, nan, nan, nan, nan, nan, nan, nan, nan, nan, nan, nan, nan, nan, nan, nan, nan, nan, nan, nan, nan, nan, nan, nan, nan, nan, nan, nan, nan, nan, nan, nan, nan, nan, nan, nan, nan, nan, nan, nan, nan, nan, nan, nan, nan, nan, nan, nan, nan, 0.022150421515107155, 0.022159146144986153, nan, nan, nan, nan, nan, nan, nan, nan, nan, nan, nan, nan, nan, nan, nan, nan, nan, nan, nan, nan, nan, nan, nan, nan, nan, nan, nan, nan, nan, nan, nan, nan, nan, nan, nan, nan, nan, nan, nan, nan, nan, nan, nan, nan, nan, nan, nan, nan, nan, nan, nan, nan, nan, nan, nan, nan, nan, nan, nan, nan, nan, nan, nan, nan, nan, nan, nan, nan, nan, nan, nan, nan, nan, nan, nan, nan, nan, nan, nan, nan, nan, nan, nan, nan, nan, nan, nan, nan, nan, nan, nan, nan, nan, nan, nan, nan, nan, nan, nan, nan, nan, nan, nan, nan, nan, nan, nan, nan, nan, nan, nan, nan, nan, nan, nan, nan, nan, nan, nan, nan, nan, nan, nan, nan, nan, nan, nan, nan, nan, nan, nan, nan, nan, nan, nan, nan, nan, nan, nan, nan, nan, nan, nan, nan, nan, nan, nan, nan, nan, nan, nan, nan, nan, nan, nan, nan, nan, nan, nan, nan, nan, nan, nan, nan, nan, nan, nan, nan, nan, nan, nan, nan, nan, nan, nan, nan, nan, nan, nan, nan, nan, nan, nan, nan, nan, nan, nan, nan, nan, nan, nan, nan, nan, nan, nan, nan, nan, nan, nan, nan, nan, nan, nan, nan, nan, nan, nan, nan, nan, nan, nan, nan, nan, nan, nan, nan, nan, nan, nan, nan, nan, nan, nan, nan, nan, nan, nan, nan, nan, nan, nan, nan, nan, nan, nan, nan, nan, nan, nan, nan, nan, nan, nan, nan, nan, nan, nan, nan, nan, nan, nan, nan, nan, nan, nan, nan, nan, nan, nan, nan, nan, nan, nan, nan, nan, nan, nan, nan, nan, nan, nan, nan, nan, nan, nan, nan, nan, nan, nan, nan, nan, nan, nan, nan, nan, nan, nan, nan, nan, nan, nan, nan, nan, nan, nan, nan, nan, nan, nan, nan, nan, nan, nan, nan, nan, nan, nan, nan, nan, nan, nan, nan, nan, nan, nan, nan, nan, nan, nan, nan, nan, nan, nan, nan, nan, nan, nan, nan, nan, nan, nan, nan, nan, nan, nan, nan, nan, nan, nan, nan, nan, nan, nan, nan, nan, nan, nan, nan, nan, nan, nan, nan, nan, nan, nan, nan, nan, nan, nan, nan, nan, nan, nan, nan, nan, nan, nan, nan, nan, nan, nan, nan, nan, nan, nan, nan, nan, nan, nan, nan, nan, nan, nan, nan, nan, nan, nan, nan, nan, nan, nan, nan, nan, nan, nan, nan, nan, nan, nan, nan, nan, nan, nan, nan, nan, nan, nan, nan, nan, nan, nan, nan, nan, nan, nan, nan, nan, nan, nan, nan, nan, nan, nan, nan, nan, nan, nan, nan, nan, nan, nan, nan, nan, nan, nan, nan, nan, nan, nan, nan, nan, nan, nan, nan, nan, nan, nan, nan, nan, nan, nan, nan, nan, nan, nan, nan, nan, nan, nan, nan, nan, nan, nan, nan, nan, nan, nan, nan, nan, nan, nan, nan, nan, nan, nan, nan, nan, nan, nan, nan, nan, nan, nan, nan, nan, nan, nan, nan, nan, nan, nan, nan, nan, nan, nan, nan, nan, nan, nan, nan, nan, nan, nan, nan, nan, nan, nan, nan, nan, nan, nan, nan, nan, nan, nan, nan, nan, nan, nan, nan, nan, nan, nan, nan, nan, nan, nan, nan, nan, nan, nan, nan, nan, nan, nan, nan, nan, nan, nan, nan, nan, nan, nan, nan, nan, nan, nan, nan, nan, nan, nan, nan, nan, nan, nan, nan, nan, nan, nan, nan, nan, nan, nan, nan, nan, nan, nan, nan, nan, nan, nan, nan, nan, nan, nan, nan, nan, nan, nan, nan, nan, nan, nan, nan, nan, nan, nan, nan, nan, nan, nan, nan, nan, nan, nan, nan, nan, nan, nan, nan, nan, nan, nan, nan, nan, nan, nan, nan, nan, nan, nan, nan, nan, nan, nan, nan, nan, nan, nan, nan, nan, nan, nan, nan, nan, nan, nan, nan, nan, nan, nan, nan, nan, nan, nan, nan, nan, nan, nan, nan, nan, nan, nan, nan, nan, nan, nan, nan, nan, nan, nan, nan, nan, nan, nan, nan, nan, nan, nan, nan, nan, nan, nan, nan, nan, nan, nan, nan, nan, nan, nan, nan, nan, nan, nan, nan, nan, nan, nan, nan, nan, nan, nan, nan, nan, nan, nan, nan, nan, nan, nan, nan, nan, nan, nan, nan, nan, nan, nan, nan, nan, nan, nan, nan, nan, nan, nan, nan, nan, nan, nan, nan, nan, nan, nan, nan, nan, nan, nan, nan, nan, nan, nan, nan, nan, nan, nan, nan, nan, nan, nan, nan, nan, nan, nan, nan, nan, nan, nan, nan, nan, nan, nan, nan, nan, nan, nan, nan, nan, nan, nan, nan, nan, nan, nan, nan, nan, nan, nan, nan, nan, nan, nan, nan, nan, nan, nan, nan, nan, nan, nan, nan, nan, nan, nan, nan, nan, nan, nan, nan, nan, nan, nan, nan, nan, nan, nan, nan, nan, nan, nan, nan, nan, nan, nan, nan, nan, nan, nan, nan, nan, nan, nan, nan, nan, nan, nan, nan, nan, nan, nan, nan, nan, nan, nan, nan, nan, nan, nan, nan, nan, nan, nan, nan, nan, nan, nan, nan, nan, nan, nan, nan, nan, nan, nan, nan, nan, nan, nan, nan, nan, nan, nan, nan, nan, nan, nan, nan, nan, nan, nan, nan, nan, nan, nan, nan, nan, nan, nan, nan, nan, nan, nan, nan, nan, nan, nan, nan, nan, nan, nan, nan, nan, nan, nan, nan, nan, nan, nan, nan, nan, nan, nan, nan, nan, nan, nan, nan, nan, nan, nan, nan, nan, nan, nan, nan, nan, nan, nan, nan, nan, nan, nan, nan, nan, nan, nan, nan, nan, nan, nan, nan, nan, nan, nan, nan, nan, nan, nan, nan, nan, nan, nan, nan, nan, nan, nan, nan, nan, nan, nan, nan, nan, nan, nan, nan, nan, nan, nan, nan, nan, nan, nan, nan, nan, nan, nan, nan, nan, nan, nan, nan, nan, nan, nan, nan, nan, nan, nan, nan, nan, nan, nan, nan, nan, nan, nan, nan, nan, nan, nan, nan, nan, nan, nan, nan, nan, nan, nan, nan, nan, nan, nan, nan, nan, nan, nan, nan, nan, nan, nan, nan, nan, nan, nan, nan, nan, nan, nan, nan, nan, nan, nan, nan, nan, nan, nan, nan, nan, 0.022296201437711716, 0.02229691669344902, 0.02239476703107357, 0.022447828203439713, 0.02255222015082836, 0.022558992728590965, 0.022556254640221596, 0.022615311667323112, 0.02261863835155964, nan, nan, nan, nan, nan, nan, nan, nan, nan, nan, nan, nan, nan, nan, nan, nan, nan, nan, nan, nan, nan, nan, 1.3346991539001465, 1.331559658050537, 0.02188314124941826, 0.021841010078787804, 0.02183927595615387, 0.021810155361890793, 0.021806804463267326, 0.021834133192896843, 0.021835926920175552, 0.02183801867067814, 0.021837612614035606, 0.021838100627064705, 0.021837633103132248, 0.021881286054849625, 0.02188369631767273, 0.021888025104999542, 0.02188747003674507, 0.021930573508143425, 0.021998554468154907, 0.02200263738632202, 0.02200515940785408, 0.02207501418888569, 0.022080108523368835, 0.0220806747674942, 0.02216118946671486, 0.022161221131682396, 0.022162171080708504, 0.02224673703312874, 0.02229348011314869, 0.022293157875537872, 0.022296451032161713, 0.02239479124546051, 0.02244790643453598, 0.022520309314131737, 0.022550571709871292, 0.022539524361491203, 0.022595873102545738, 0.022614864632487297, nan, nan, nan, nan, nan, nan, nan, nan, nan, nan, nan, nan, nan, nan, nan, nan, nan, nan, nan, nan, nan, nan, 1.331559658050537, 1.3153088092803955, 0.021870169788599014, 0.0218388419598341, 0.021829865872859955, 0.02181132696568966, 0.02180659770965576, 0.021824557334184647, 0.021833840757608414, 0.021837465465068817, 0.02183566428720951, 0.021837938576936722, 0.021837623789906502, 0.02186775766313076, 0.021880535408854485, 0.021886911243200302, 0.02188406139612198, 0.021917391568422318, 0.021976470947265625, 0.021998142823576927, 0.02200470119714737, 0.022053666412830353, 0.022077159956097603, 0.022080454975366592, 0.022161219269037247, 0.022161228582262993, 0.02216184511780739, 0.022234153002500534, 0.022278713062405586, 0.022246282547712326, 0.022279348224401474, 0.022375069558620453, 0.022428886964917183, 0.022443139925599098, 0.022447222843766212, 0.02250162698328495, 0.02255956456065178, 0.022559674456715584, nan, nan, nan, nan, nan, nan, nan, nan, nan, nan, nan, nan, nan, nan, nan, nan, nan, nan, nan, nan, nan, nan, 1.2734214067459106, 1.2336654663085938, 0.02181117609143257, 0.02179616689682007, 0.0218078400939703, 0.021778659895062447, 0.021748438477516174, 0.02176322601735592, 0.021763375028967857, 0.02179066464304924, 0.021804599091410637, 0.02180803194642067, 0.021804174408316612, 0.021826067939400673, 0.02183546870946884, 0.021840088069438934, 0.02183903008699417, 0.021867528557777405, 0.02191452868282795, 0.021930018439888954, 0.021955687552690506, 0.02196674421429634, 0.021990876644849777, 0.02206507697701454, 0.022129405289888382, 0.02215452305972576, 0.022145597264170647, 0.022188792005181313, 0.022234290838241577, 0.022188004106283188, 0.02224937453866005, 0.022310378029942513, 0.022335875779390335, 0.02234390750527382, 0.022425472736358643, 0.02250184305012226, 0.022559858858585358, 0.02255992963910103, nan, nan, nan, nan, nan, nan, nan, nan, nan, nan, nan, nan, nan, nan, nan, nan, nan, nan, nan, nan, nan, nan, 1.1848701238632202, 1.1722114086151123, 0.021725991740822792, 0.021727202460169792, 0.021727271378040314, 0.021713273599743843, 0.021683011204004288, 0.021708175539970398, 0.021718833595514297, 0.0217073205858469, 0.021684003993868828, 0.021732984110713005, 0.021761272102594376, 0.021764865145087242, 0.02176181599497795, 0.021793296560645103, 0.02180766500532627, 0.02182742953300476, 0.02183525450527668, 0.02183842845261097, 0.02183644473552704, 0.021868741139769554, 0.02195572666823864, 0.022028733044862747, 0.022038845345377922, 0.02204250730574131, 0.022105760872364044, 0.02214786596596241, 0.02215895615518093, 0.02216176688671112, 0.02221798710525036, 0.022241488099098206, 0.022248953580856323, 0.02234290912747383, 0.022393928840756416, 0.02250192128121853, 0.022560125216841698, 0.02256021834909916, nan, nan, nan, nan, nan, nan, nan, nan, nan, nan, nan, nan, nan, nan, nan, nan, nan, nan, nan, nan, nan, nan, 1.187416911125183, 1.18427312374115, 0.021682126447558403, 0.021687159314751625, 0.021684741601347923, 0.021661706268787384, 0.021609658375382423, 0.0216541551053524, 0.02167699486017227, 0.021654734387993813, 0.021632514894008636, 0.0216439850628376, 0.021646574139595032, 0.021648414433002472, 0.02167285606265068, 0.021684201434254646, 0.02171049639582634, 0.021774746477603912, 0.02180100418627262, 0.02180856466293335, 0.021806195378303528, 0.021838553249835968, 0.021915605291724205, 0.02198002114892006, 0.021998971700668335, 0.022006310522556305, 0.022054601460695267, 0.022077979519963264, 0.022104982286691666, 0.022132722660899162, 0.022154467180371284, 0.022161314263939857, 0.02224813401699066, 0.02232413925230503, 0.022394225001335144, 0.022482354193925858, 0.022560302168130875, 0.02256033569574356, nan, nan, nan, nan, nan, nan, nan, nan, nan, nan, nan, nan, nan, nan, nan, nan, nan, nan, nan, nan, nan, nan, 1.1846065521240234, 1.170963168144226, 0.02164444327354431, 0.021635740995407104, 0.02161017246544361, 0.021596530452370644, 0.021564606577157974, 0.02159343659877777, 0.02160550467669964, 0.021592164412140846, 0.021565236151218414, 0.02156166359782219, 0.02159282937645912, 0.021607648581266403, 0.021635934710502625, 0.02164747565984726, 0.021670712158083916, 0.021681034937500954, 0.0217085350304842, 0.021752700209617615, 0.02177054062485695, 0.02182689867913723, 0.0218671802431345, 0.021883362904191017, 0.021886561065912247, 0.021959422156214714, 0.022000428289175034, 0.022005897015333176, 0.022080695256590843]
  - 
    layout: 
      dim: 
        - 
          label: "column_index"
          size: 60
          stride: 3600
        - 
          label: "row_index"
          size: 60
          stride: 60
      data_offset: 0
    data: [-0.01809602417051792, -0.01809091307222843, -0.01799626275897026, -0.017920957878232002, -0.017839625477790833, -0.017796266824007034, -0.017705179750919342, -0.017636464908719063, -0.017552943900227547, nan, nan, nan, nan, nan, nan, nan, nan, nan, nan, nan, nan, nan, nan, nan, nan, nan, nan, nan, nan, nan, nan, -0.018553759902715683, -0.018589559942483902, -0.018620340153574944, -0.018612295389175415, -0.018648788332939148, -0.018652355298399925, -0.01865132711827755, -0.018694410100579262, -0.01867527700960636, -0.018672579899430275, -0.018628517165780067, -0.01862555555999279, -0.01861169934272766, -0.018612654879689217, -0.018608732149004936, -0.018574684858322144, -0.018582632765173912, -0.0185367651283741, -0.018544254824519157, -0.018417803570628166, -0.018386688083410263, -0.01837567239999771, -0.018300732597708702, -0.01827489584684372, -0.018274886533617973, -0.018229911103844643, -0.01818963699042797, -0.018180418759584427, -0.018112247809767723, -0.01807457208633423, -0.018090108409523964, -0.01798934116959572, -0.0179133377969265, -0.01783563569188118, -0.017796343192458153, -0.01770496554672718, -0.017784107476472855, -0.017724759876728058, nan, nan, nan, nan, nan, nan, nan, nan, nan, nan, nan, nan, nan, nan, nan, nan, nan, nan, nan, nan, nan, nan, -0.01858837716281414, -0.018657738342881203, -0.01869516260921955, -0.018686974421143532, -0.018704256042838097, -0.018708879128098488, -0.018708832561969757, -0.018724393099546432, -0.018725119531154633, -0.018723854795098305, -0.018707463517785072, -0.01870698109269142, -0.01869809813797474, -0.018669240176677704, -0.018651841208338737, -0.018614843487739563, -0.018614495173096657, -0.018580058589577675, -0.018588928505778313, -0.018416177481412888, -0.018375439569354057, -0.01838178187608719, -0.018299054354429245, -0.018260283395648003, -0.018271032720804214, -0.018216826021671295, -0.01817995309829712, -0.01818416267633438, -0.018108448013663292, 0.9618074297904968, 0.9618431925773621, 0.961962878704071, -0.017796063795685768, -0.01779608055949211, -0.017796063795685768, -0.017829924821853638, -0.01787395589053631, -0.017879435792565346, nan, nan, nan, nan, nan, nan, nan, nan, nan, nan, nan, nan, nan, nan, nan, nan, nan, nan, nan, nan, nan, nan, -0.01866144686937332, -0.0187278650701046, -0.01872444525361061, -0.01873907819390297, -0.01877652481198311, -0.018767552450299263, -0.018780171871185303, -0.01877990923821926, -0.018780231475830078, -0.018765829503536224, -0.01877613738179207, -0.018767012283205986, -0.018772799521684647, -0.018724100664258003, -0.018724137917160988, -0.018728476017713547, -0.018668994307518005, -0.018662743270397186, -0.01859300769865513, 0.8946731090545654, 0.961552083492279, 0.9615644812583923, 0.9615650177001953, 0.961565375328064, 0.961608350276947, 0.9616067409515381, 0.9616504311561584, 0.9616544842720032, 0.9617258906364441, 0.9617716670036316, 0.961849570274353, 0.9619290828704834, -0.017821669578552246, -0.01801418885588646, -0.01799178123474121, -0.018021607771515846, -0.01791963167488575, -0.017868569120764732, nan, nan, nan, nan, nan, nan, nan, nan, nan, nan, nan, nan, nan, nan, nan, nan, nan, nan, nan, nan, nan, nan, -0.018768878653645515, -0.01876479759812355, -0.018782326951622963, -0.018816787749528885, -0.01880759932100773, -0.018826929852366447, -0.018832050263881683, -0.01886628568172455, -0.01885620877146721, -0.018854552879929543, -0.018827924504876137, -0.01883029006421566, -0.018818996846675873, -0.01878580078482628, -0.0187833234667778, -0.018775086849927902, -0.018723703920841217, -0.018724501132965088, -0.018678605556488037, 0.8326660990715027, 0.9615483283996582, 0.961566686630249, 0.9615662097930908, 0.9615671634674072, 0.9615698456764221, 0.9615724682807922, 0.9616459608078003, 0.9616460800170898, 0.9617254137992859, 0.9617682099342346, 0.9618468284606934, 0.9619260430335999, -0.018075626343488693, -0.01809360645711422, -0.018097780644893646, -0.01801869459450245, -0.017920326441526413, -0.017877738922834396, nan, nan, nan, nan, nan, nan, nan, nan, nan, nan, nan, nan, nan, nan, nan, nan, nan, nan, nan, nan, nan, nan, -0.018825210630893707, -0.018829016014933586, -0.01885359175503254, -0.01887020468711853, -0.018870189785957336, -0.01887204498052597, -0.018906349316239357, -0.01890922524034977, -0.01890953630208969, -0.01889444701373577, -0.018872661516070366, -0.01887267455458641, -0.018872179090976715, -0.01885318197309971, -0.018829915672540665, -0.018829910084605217, -0.01881876215338707, -0.01878194324672222, -0.018742751330137253, 0.7981503009796143, 0.933388888835907, 0.9615671634674072, 0.9615671634674072, 0.9615671634674072, 0.9615481495857239, 0.9615542888641357, 0.9615517258644104, 0.9616113901138306, 0.9616913199424744, 0.36587128043174744, 0.9618467688560486, 0.9618538022041321, -0.018113305792212486, -0.01811441220343113, -0.018113305792212486, -0.018028385937213898, -0.017920423299074173, -0.017839089035987854, nan, nan, nan, nan, nan, nan, nan, nan, nan, nan, nan, nan, nan, nan, nan, nan, nan, nan, nan, nan, nan, nan, -0.01888839714229107, -0.018907925114035606, -0.018910743296146393, -0.01894560642540455, -0.01895003765821457, -0.0189517755061388, -0.018953315913677216, -0.0189800001680851, -0.01897217147052288, -0.018979903310537338, -0.018951980397105217, -0.018946673721075058, -0.018946928903460503, -0.01893940195441246, -0.018933923915028572, -0.018872102722525597, -0.018869496881961823, -0.018861550837755203, -0.018781673163175583, 0.7959403395652771, 0.8118162155151367, 0.9615493416786194, 0.9615688920021057, 0.9615492820739746, 0.9615463018417358, 0.9615464806556702, 0.9615472555160522, 0.07025681436061859, 0.33311131596565247, 0.3331114649772644, 0.9617165327072144, 0.9616951942443848, -0.018109142780303955, -0.018113944679498672, -0.018109142780303955, -0.017996493726968765, -0.017970139160752296, -0.017991425469517708, nan, nan, nan, nan, nan, nan, nan, nan, nan, nan, nan, nan, nan, nan, nan, nan, nan, nan, nan, nan, nan, nan, -0.01888706162571907, -0.018946876749396324, -0.018986588343977928, -0.01899012364447117, -0.018990151584148407, -0.019011076539754868, -0.01902489922940731, -0.019024819135665894, -0.019024576991796494, -0.019023969769477844, -0.01901095174252987, -0.01899062469601631, -0.01899047940969467, -0.018986351788043976, -0.018982622772455215, -0.018976176157593727, -0.018909398466348648, -0.01889215223491192, -0.018829345703125, 0.045287322252988815, 0.7010158896446228, 0.806241512298584, 0.8632655143737793, 0.9615483283996582, 0.9615461826324463, 0.9615461826324463, 0.9615510702133179, 0.33308276534080505, 0.19107314944267273, 0.0702575147151947, 0.36581146717071533, 0.3331108093261719, -0.018187539651989937, -0.018158849328756332, -0.018145835027098656, -0.01815454289317131, -0.01806556060910225, -0.017986169084906578, nan, nan, nan, nan, nan, nan, nan, nan, nan, nan, nan, nan, nan, nan, nan, nan, nan, nan, nan, nan, nan, nan, -0.018932845443487167, -0.0190217774361372, -0.019028563052415848, -0.019051896408200264, -0.019068697467446327, -0.019071273505687714, -0.01907189190387726, -0.019092552363872528, -0.019094794988632202, -0.01909475028514862, -0.01909479685127735, -0.01909448951482773, -0.019068367779254913, -0.019029537215828896, -0.019029585644602776, -0.019023828208446503, -0.019016673788428307, -0.018949463963508606, -0.018932852894067764, -0.018870819360017776, -0.01886112056672573, 0.05432647094130516, 0.7964286804199219, 0.8768990635871887, 0.9615463018417358, 0.9615468978881836, 0.9615481495857239, 0.3657931983470917, 0.3330855369567871, 0.9616191387176514, 0.06271663308143616, 0.029994085431098938, -0.018219569697976112, -0.018190434202551842, -0.018192267045378685, -0.01814640872180462, -0.018054571002721786, -0.017994314432144165, nan, nan, nan, nan, nan, nan, nan, nan, nan, nan, nan, nan, nan, nan, nan, nan, nan, nan, nan, nan, nan, nan, -0.019024480134248734, -0.01908743940293789, -0.01910403184592724, -0.019107861444354057, -0.019130943343043327, -0.019144872203469276, -0.01914643682539463, -0.01914631761610508, -0.01914639212191105, -0.019145525991916656, -0.019144508987665176, -0.01913510449230671, -0.019134553149342537, -0.01912928931415081, -0.019070470705628395, -0.019063839688897133, -0.0190290417522192, -0.01898890547454357, -0.01897769421339035, -0.018871495500206947, -0.018871277570724487, -0.01882895827293396, 0.05084986612200737, 0.7632554769515991, 0.894282877445221, 0.9169637560844421, 0.9615707993507385, 0.961583137512207, 0.9616183042526245, -0.018458308652043343, -0.018414480611681938, -0.018422450870275497, -0.018347162753343582, -0.01827543042600155, -0.018192799761891365, -0.018158994615077972, -0.018087657168507576, -0.01809406466782093, nan, nan, nan, nan, nan, nan, nan, nan, nan, nan, nan, nan, nan, nan, nan, nan, nan, nan, nan, nan, nan, nan, -0.01910281367599964, -0.019107451662421227, -0.019130434840917587, -0.019182514399290085, -0.019217247143387794, -0.01922249235212803, -0.019222989678382874, -0.019222905859351158, -0.019222723320126534, -0.019222134724259377, -0.019219061359763145, -0.019186662510037422, -0.01918482780456543, -0.01917426288127899, -0.019135132431983948, -0.01912863180041313, -0.01906975544989109, -0.01905919797718525, -0.01898847706615925, -0.018975326791405678, -0.018908802419900894, -0.01888897828757763, -0.018829606473445892, -0.01873709261417389, -0.01868811622262001, -0.018673766404390335, -0.01869392767548561, -0.018619319424033165, -0.018549351021647453, -0.018549371510744095, -0.018474528566002846, -0.018434623256325722, -0.01834043301641941, -0.018262365832924843, -0.01821361482143402, -0.018219487741589546, -0.018160613253712654, -0.01808927208185196, nan, nan, nan, nan, nan, nan, nan, nan, nan, nan, nan, nan, nan, nan, nan, nan, nan, nan, nan, nan, nan, nan, -0.019173255190253258, -0.019166937097907066, -0.019219720736145973, -0.019260337576270103, -0.01926116645336151, -0.019279509782791138, -0.01929112896323204, -0.01929108053445816, -0.019291074946522713, -0.019288066774606705, -0.01926448382437229, -0.019247988238930702, -0.01922586001455784, -0.019222738221287727, -0.01918644644320011, -0.019177380949258804, -0.019170662388205528, -0.019101927056908607, -0.019059371203184128, -0.0189888346940279, -0.01897592842578888, -0.018909234553575516, -0.018830273300409317, -0.018765278160572052, -0.018753210082650185, -0.018772488459944725, -0.01870652846992016, -0.01862763613462448, -0.018556520342826843, -0.01855747029185295, -0.01847829297184944, -0.018433034420013428, -0.018399272114038467, -0.018323464319109917, -0.01827244460582733, -0.018234040588140488, -0.018144764006137848, -0.018096650019288063, nan, nan, nan, nan, nan, nan, nan, nan, nan, nan, nan, nan, nan, nan, nan, nan, nan, nan, nan, nan, nan, nan, -0.019243165850639343, -0.019240744411945343, -0.01924826204776764, -0.0192989781498909, -0.01930619403719902, -0.01933375746011734, -0.01933666504919529, -0.019336603581905365, -0.01933661662042141, -0.019324472174048424, -0.019333260133862495, -0.01932542957365513, -0.01933181844651699, -0.01929066888988018, -0.019284002482891083, -0.01922212913632393, -0.019185030832886696, -0.01917099393904209, -0.019106026738882065, -0.019088469445705414, -0.019025564193725586, -0.018947908654808998, -0.01887071132659912, -0.018839500844478607, -0.018861953169107437, -0.01878519169986248, -0.018707716837525368, -0.018694734200835228, -0.018620219081640244, -0.018557433038949966, -0.01855204440653324, -0.01848403736948967, -0.018433980643749237, -0.01835315302014351, -0.018276039510965347, -0.018231434747576714, -0.018143272027373314, -0.01808832213282585, nan, nan, nan, nan, nan, nan, nan, nan, nan, nan, nan, nan, nan, nan, nan, nan, nan, nan, nan, nan, nan, nan, -0.019286245107650757, -0.019332120195031166, -0.019325681030750275, -0.019361117854714394, -0.019377972930669785, -0.01938285119831562, -0.01941709779202938, -0.01940799504518509, -0.019436931237578392, -0.01942538097500801, -0.01944122277200222, -0.019365539774298668, -0.019346969202160835, -0.019343066960573196, -0.01930178888142109, -0.019289536401629448, -0.0192802082747221, -0.01918533444404602, -0.01917146146297455, -0.019106607884168625, -0.019029727205634117, -0.018951550126075745, -0.018915655091404915, -0.018933875486254692, -0.0188718494027853, -0.01878567785024643, -0.018773313611745834, -0.018708087503910065, -0.01862863264977932, -0.018599074333906174, -0.018556645140051842, -0.018501801416277885, -0.01843232847750187, -0.018353259190917015, -0.018292507156729698, -0.018275488168001175, -0.018218277022242546, -0.018157174810767174, nan, nan, nan, nan, nan, nan, nan, nan, nan, nan, nan, nan, nan, nan, nan, nan, nan, nan, nan, nan, nan, nan, -0.01930559054017067, -0.019344443455338478, -0.019382348284125328, -0.019441111013293266, -0.019447583705186844, -0.019459987059235573, -0.01946222595870495, -0.019462203606963158, -0.01946232095360756, -0.01946219429373741, -0.019456814974546432, -0.01943960227072239, -0.019445626065135002, -0.01941232569515705, -0.019342893734574318, -0.01930493861436844, -0.01930176466703415, -0.019254757091403008, -0.019185392186045647, -0.01910770870745182, -0.019056016579270363, -0.019063394516706467, -0.018989332020282745, -0.01892952062189579, -0.018905721604824066, -0.018827294930815697, -0.01878589391708374, -0.01870814524590969, -0.018694834783673286, -0.018627826124429703, -0.01855635643005371, -0.018515439704060555, -0.01848309114575386, -0.018398139625787735, -0.01835087686777115, -0.01829211600124836, -0.018211955204606056, -0.018160002306103706, nan, nan, nan, nan, nan, nan, nan, nan, nan, nan, nan, nan, nan, nan, nan, nan, nan, nan, nan, nan, nan, nan, -0.019379958510398865, -0.01944112777709961, -0.019461138173937798, -0.01946508139371872, -0.01949882321059704, -0.0195293128490448, -0.019533557817339897, -0.01953362487256527, -0.019533688202500343, -0.019533485174179077, -0.01952250674366951, -0.019529618322849274, -0.019487963989377022, -0.01945771835744381, -0.019414998590946198, -0.019374657422304153, -0.019342349842190742, -0.01926431432366371, -0.01921914704144001, -0.019215192645788193, -0.01914387382566929, -0.019070537760853767, -0.01906074956059456, -0.018966268748044968, -0.01891145668923855, -0.01883132942020893, -0.018827136605978012, -0.018751678988337517, -0.018689820542931557, -0.018693359568715096, -0.01859801448881626, -0.018553659319877625, -0.018500739708542824, -0.018413014709949493, -0.018338313326239586, -0.01829923875629902, -0.01822095923125744, -0.018157174810767174, nan, nan, nan, nan, nan, nan, nan, nan, nan, nan, nan, nan, nan, nan, nan, nan, nan, nan, nan, nan, nan, nan, -0.01942114718258381, -0.019461240619421005, -0.019497903063893318, -0.0195311326533556, -0.019571326673030853, -0.019575372338294983, -0.01961648277938366, -0.019607391208410263, -0.019619788974523544, -0.019606130197644234, -0.01960201933979988, -0.019564714282751083, -0.019572358578443527, -0.019528664648532867, -0.019485285505652428, -0.019441384822130203, -0.019380921497941017, -0.019305063411593437, -0.01929670386016369, -0.019225776195526123, -0.019145501777529716, -0.01912972703576088, -0.019071074202656746, -0.01899004355072975, -0.01897650584578514, -0.018878456205129623, -0.018831076100468636, -0.018766801804304123, -0.01870124600827694, -0.01868852786719799, -0.018612975254654884, -0.018540989607572556, -0.018510950729250908, -0.01842370629310608, -0.018351657316088676, -0.01832001656293869, -0.018240004777908325, -0.018185047432780266, nan, nan, nan, nan, nan, nan, nan, nan, nan, nan, nan, nan, nan, nan, nan, nan, nan, nan, nan, nan, nan, nan, -0.01948416791856289, -0.019528476521372795, -0.019543178379535675, -0.019613957032561302, -0.0196429044008255, -0.019645003601908684, -0.019655048847198486, -0.019655989482998848, -0.019660087302327156, -0.019646137952804565, -0.019643308594822884, -0.019620047882199287, -0.01961524970829487, -0.019571803510189056, -0.019528815522789955, -0.01946311630308628, -0.01938413456082344, -0.019371649250388145, -0.01930556818842888, -0.019262121990323067, -0.019186267629265785, -0.01917455717921257, -0.01910366676747799, -0.01902686432003975, -0.018972042948007584, -0.01890762895345688, -0.018869591876864433, -0.018804840743541718, -0.018742240965366364, -0.018696993589401245, -0.01864680089056492, -0.018575992435216904, -0.018499577417969704, -0.018437450751662254, -0.018384011462330818, -0.018335482105612755, -0.018257131800055504, -0.01818722113966942, nan, nan, nan, nan, nan, nan, nan, nan, nan, nan, nan, nan, nan, nan, nan, nan, nan, nan, nan, nan, nan, nan, -0.019529052078723907, -0.01957191899418831, -0.019615354016423225, -0.019656267017126083, -0.019661834463477135, -0.019663529470562935, -0.019663436338305473, -0.0196636151522398, -0.019663600251078606, -0.019666338339447975, -0.019665643572807312, -0.019664688035845757, -0.01964333839714527, -0.01961549185216427, -0.019543226808309555, -0.01952723041176796, -0.019458068534731865, -0.019416268914937973, -0.019345995038747787, -0.019329871982336044, -0.0192423015832901, -0.019186198711395264, -0.019108032807707787, -0.01908799447119236, -0.01900729164481163, -0.018934018909931183, -0.018886085599660873, -0.018808115273714066, -0.01873009279370308, -0.018690604716539383, -0.018665457144379616, -0.018576549366116524, -0.01849980093538761, -0.018455471843481064, -0.01838180050253868, -0.018345583230257034, -0.018268227577209473, -0.018188567832112312, nan, nan, nan, nan, nan, nan, nan, nan, nan, nan, nan, nan, nan, nan, nan, nan, nan, nan, nan, nan, nan, nan, -0.019572271034121513, -0.019614877179265022, -0.0196564681828022, -0.019665297120809555, -0.019665496423840523, -0.019665615633130074, -0.019663643091917038, -0.01966366358101368, -0.01966390386223793, -0.019665967673063278, -0.019666489213705063, -0.019665967673063278, -0.019662803038954735, -0.019623154774308205, -0.01961650885641575, -0.019573019817471504, -0.01948770321905613, -0.019445354118943214, -0.019375670701265335, -0.019325461238622665, -0.01928609237074852, -0.01921834610402584, -0.01914137415587902, -0.019085226580500603, -0.01901092939078808, -0.018977487459778786, -0.01890130527317524, -0.01884894259274006, -0.01876738667488098, -0.018704421818256378, -0.01869514398276806, -0.018610047176480293, -0.018537892028689384, -0.018472803756594658, -0.01840955764055252, -0.018334966152906418, -0.01826954074203968, -0.01823127642273903, nan, nan, nan, nan, nan, nan, nan, nan, nan, nan, nan, nan, nan, nan, nan, nan, nan, nan, nan, nan, nan, nan, -0.01956547610461712, -0.019643476232886314, -0.019663240760564804, -0.01966562122106552, -0.019665325060486794, -0.01966504380106926, -0.019663436338305473, -0.0196636151522398, -0.019663600251078606, -0.019666418433189392, -0.019666101783514023, -0.019666451960802078, -0.01966519095003605, -0.01965726539492607, -0.019623978063464165, -0.01958521455526352, -0.01950354315340519, -0.01948598213493824, -0.019415510818362236, -0.01933594048023224, -0.019280660897493362, -0.019243307411670685, -0.01917341537773609, -0.019100183621048927, -0.01902591623365879, -0.01896945759654045, -0.018893415108323097, -0.01885271817445755, -0.018768006935715675, -0.018705355003476143, -0.018686845898628235, -0.018611423671245575, -0.0185394249856472, -0.018459230661392212, -0.018411310389637947, -0.01833651214838028, -0.01827319711446762, -0.018229104578495026, nan, nan, nan, nan, nan, nan, nan, nan, nan, nan, nan, nan, nan, nan, nan, nan, nan, nan, nan, nan, nan, nan, -0.019582821056246758, -0.019645074382424355, -0.019666722044348717, -0.01966659538447857, -0.019666925072669983, -0.019665552303195, -0.01966254971921444, -0.01966365985572338, -0.019664032384753227, -0.019664814695715904, -0.019665230065584183, -0.019665179774165154, -0.019664987921714783, -0.01966344565153122, -0.0196578036993742, -0.019616907462477684, -0.019530512392520905, -0.019489338621497154, -0.01941876858472824, -0.01934526488184929, -0.01928756944835186, -0.01924564316868782, -0.019176267087459564, -0.01913042739033699, -0.01906171813607216, -0.018985088914632797, -0.018907681107521057, -0.01886713318526745, -0.018783366307616234, -0.018772384151816368, -0.01869957149028778, -0.01862461306154728, -0.01855446770787239, -0.018499476835131645, -0.018430888652801514, -0.018368294462561607, -0.0182966236025095, -0.01823403872549534, -0.018186084926128387, -0.018266066908836365, -0.018308965489268303, -0.01837996579706669, -0.018467290326952934, -0.018511654809117317, -0.018550515174865723, -0.018619747832417488, -0.018699148669838905, -0.01877734437584877, -0.01882467418909073, -0.01886664889752865, -0.01894403249025345, -0.019084272906184196, -0.019132699817419052, -0.019175346940755844, -0.01924281194806099, -0.019300349056720734, -0.019343553110957146, -0.019414909183979034, -0.019462227821350098, -0.019539684057235718, -0.0196165032684803, -0.019655602052807808, -0.019665785133838654, -0.019666429609060287, -0.019666802138090134, -0.01966416835784912, -0.019662924110889435, -0.019663261249661446, -0.01966404914855957, -0.019664041697978973, -0.019664792343974113, -0.01966516114771366, -0.019664792343974113, -0.019663669168949127, -0.019663361832499504, -0.01961939036846161, -0.019541822373867035, -0.019489658996462822, -0.01942153461277485, -0.019346091896295547, -0.01928718388080597, -0.01924559473991394, -0.019176268950104713, -0.019122740253806114, -0.019091829657554626, -0.01897447369992733, -0.018937189131975174, -0.01886937767267227, -0.018818601965904236, -0.01875355653464794, -0.018689259886741638, -0.018613966181874275, -0.018542030826210976, -0.018501730635762215, -0.01841804012656212, -0.01837017573416233, -0.018298877403140068, -0.01823434978723526, -0.018228115513920784, -0.018304899334907532, -0.018370671197772026, -0.01842143014073372, -0.018508782610297203, -0.018549060449004173, -0.018616439774632454, -0.01869133487343788, -0.01873818412423134, -0.018783390522003174, -0.018863670527935028, -0.018931707367300987, -0.01898493617773056, -0.01908453367650509, -0.019124696031212807, -0.019177863374352455, -0.01924748532474041, -0.019304152578115463, -0.019374927505850792, -0.019420219585299492, -0.019487611949443817, -0.019545407965779305, -0.019621267914772034, -0.019663220271468163, -0.019666705280542374, -0.019666802138090134, -0.01966697722673416, -0.019664093852043152, -0.019662970677018166, -0.01966354064643383, -0.019664032384753227, -0.019663965329527855, -0.019664451479911804, -0.01966448314487934, -0.019664671272039413, -0.01966439001262188, -0.01966468058526516, -0.01962047629058361, -0.01954502798616886, -0.01949746534228325, -0.019424661993980408, -0.019346915185451508, -0.019303981214761734, -0.019238214939832687, -0.019182778894901276, -0.019123300909996033, -0.019083943217992783, -0.018974121659994125, -0.018929582089185715, -0.018868783488869667, -0.018809061497449875, -0.018772602081298828, -0.0186977107077837, -0.01862267777323723, -0.018552079796791077, -0.018511934205889702, -0.018430231139063835, -0.01837749220430851, -0.018308455124497414, -0.018231766298413277, -0.018230706453323364, -0.01829533465206623, -0.01835397258400917, -0.018411505967378616, -0.01849915087223053, -0.01853955164551735, -0.018611619248986244, -0.018687156960368156, -0.018729010596871376, -0.0187845341861248, -0.01885361224412918, -0.01892784796655178, -0.01898588240146637, -0.019083812832832336, -0.01912381686270237, -0.01917801983654499, -0.019247736781835556, -0.01930423080921173, -0.019377635791897774, -0.019420422613620758, -0.019489508122205734, -0.019545812159776688, -0.019620714709162712, -0.01966281235218048, -0.019663264974951744, -0.019664671272039413, -0.019664913415908813, -0.019664671272039413, -0.019665520638227463, -0.019665071740746498, -0.019665449857711792, -0.019664859399199486, -0.01966523751616478, -0.01966528780758381, -0.019664764404296875, -0.019664624705910683, -0.019664356485009193, -0.01961992122232914, -0.019544340670108795, -0.019497836008667946, -0.019424187019467354, -0.019346807152032852, -0.01930340752005577, -0.01922588050365448, -0.01917150802910328, -0.019107095897197723, -0.019088683649897575, -0.018951356410980225, -0.018937373533844948, -0.0188660379499197, -0.018818799406290054, -0.01870449259877205, -0.018662195652723312, -0.01858980394899845, -0.018514329567551613, -0.018473386764526367, -0.018385618925094604, -0.018345752730965614, -0.018272239714860916, -0.018189331516623497, -0.01823273114860058, -0.018305381760001183, -0.018366755917668343, -0.018426068127155304, -0.018513226881623268, -0.018549930304288864, -0.01862362027168274, -0.018698815256357193, -0.01873832382261753, -0.01878420077264309, -0.018863782286643982, -0.01893533207476139, -0.018987759947776794, -0.019065799191594124, -0.01910514198243618, -0.01917693205177784, -0.019246937707066536, -0.019303496927022934, -0.019377702847123146, -0.019419671967625618, -0.019489720463752747, -0.019544273614883423, -0.01962123066186905, -0.019662776961922646, -0.019663911312818527, -0.019665097817778587, -0.019665107131004333, -0.019665097817778587, -0.019665516912937164, -0.019665420055389404, -0.01966555044054985, -0.01966521143913269, -0.019665131345391273, -0.01966509409248829, -0.019664783030748367, -0.019664762541651726, -0.019661087542772293, -0.019617639482021332, -0.019541583955287933, -0.019496120512485504, -0.019421201199293137, -0.01934361644089222, -0.01930060423910618, -0.019223082810640335, -0.019179867580533028, -0.01910482905805111, -0.019026635214686394, -0.01894848234951496, -0.018907414749264717, -0.01882636733353138, -0.018782006576657295, -0.018665043637156487, -0.018589427694678307, -0.018549058586359024, -0.018473025411367416, -0.018426373600959778, -0.018349044024944305, -0.018271977081894875, -0.01822798326611519, -0.018157733604311943, -0.01823224499821663, -0.01829984411597252, -0.018338026478886604, -0.018412640318274498, -0.0185001939535141, -0.018535397946834564, -0.01861259527504444, -0.01868811994791031, -0.018706215545535088, -0.018784139305353165, -0.018852287903428078, -0.01890842244029045, -0.018980946391820908, -0.019062606617808342, -0.019091876223683357, -0.019164882600307465, -0.01923740655183792, -0.01929837465286255, -0.019377415999770164, -0.019406301900744438, -0.019486907869577408, -0.01954181119799614, -0.019615910947322845, -0.019661257043480873, -0.01966375671327114, -0.019666166976094246, -0.019666248932480812, -0.019665975123643875, -0.019665570929646492, -0.019665556028485298, -0.019665449857711792, -0.019664859399199486, -0.01966513879597187, -0.019665252417325974, -0.019664684310555458, -0.019664468243718147, -0.019620370119810104, -0.019578471779823303, -0.0195009708404541, -0.019421180710196495, -0.019381269812583923, -0.019302260130643845, -0.019257599487900734, -0.019182847812771797, -0.01910446211695671, -0.019066832959651947, -0.018986588343977928, -0.018906977027654648, -0.018868008628487587, -0.018781783059239388, -0.018737277016043663, -0.018620850518345833, -0.01855246163904667, -0.018472671508789062, -0.01842935010790825, -0.018348626792430878, -0.01831103302538395, -0.018230197951197624, -0.01815687119960785, -0.018110521137714386, -0.018218539655208588, -0.018290013074874878, -0.018350915983319283, -0.01842612586915493, -0.018496781587600708, -0.01854538358747959, -0.018623637035489082, -0.018695993348956108, -0.01870490238070488, -0.01876954361796379, -0.018854157999157906, -0.018902158364653587, -0.01896991953253746, -0.01902637630701065, -0.019092587754130363, -0.019145231693983078, -0.019221467897295952, -0.019289696589112282, -0.019361114129424095, -0.019386054947972298, -0.01946559175848961, -0.01953088864684105, -0.01958407461643219, -0.019660398364067078, -0.019663913175463676, -0.019665854051709175, -0.019666213542222977, -0.019666209816932678, -0.019665483385324478, -0.019665276631712914, -0.019663602113723755, -0.019664322957396507, -0.019664021208882332, -0.019664602354168892, -0.01966446451842785, -0.019657492637634277, -0.019580990076065063, -0.01950114220380783, -0.019461335614323616, -0.019381117075681686, -0.0193389393389225, -0.01926065981388092, -0.019182609394192696, -0.019142063334584236, -0.01906653121113777, -0.01902240514755249, -0.01894768513739109, -0.018867818638682365, -0.01882578618824482, -0.01874043233692646, -0.018664604052901268, -0.01855216734111309, -0.018513372167944908, -0.018429137766361237, -0.018384478986263275, -0.018310951068997383, -0.018267421051859856, -0.018187908455729485, -0.018113967031240463, -0.01806185021996498, -0.018219085410237312, -0.01825779676437378, -0.018336042761802673, -0.01839938946068287, -0.018457507714629173, -0.01853380724787712, -0.018611060455441475, -0.018648680299520493, -0.01870371773838997, -0.018781740218400955, -0.018863847479224205, -0.018905069679021835, -0.018977653235197067, -0.019012315198779106, -0.019086245447397232, -0.019141951575875282, -0.01921902783215046, -0.019287768751382828, -0.019326211884617805, -0.019385676831007004, -0.019459376111626625, -0.019498400390148163, -0.019571863114833832, -0.019643200561404228, -0.019663093611598015, -0.01966601051390171, -0.019666118547320366, -0.019665975123643875, -0.01966542750597, -0.01966535858809948, -0.019663680344820023, -0.019663825631141663, -0.01966383308172226, -0.01966419443488121, -0.019658179953694344, -0.019580505788326263, -0.019540008157491684, -0.019460516050457954, -0.01941712759435177, -0.019342368468642235, -0.019260652363300323, -0.019221873953938484, -0.019141653552651405, -0.019100144505500793, -0.01902552880346775, -0.01894748955965042, -0.018906541168689728, -0.01882563717663288, -0.018777774646878242, -0.018703488633036613, -0.018623778596520424, -0.01851292885839939, -0.018472041934728622, -0.018384261056780815, -0.018344471231102943, -0.018270988017320633, -0.018187519162893295, -0.018156133592128754, -0.018105939030647278, -0.01802423596382141, -0.01821175031363964, -0.018258148804306984, -0.01833502948284149, -0.01840759441256523, -0.01845640502870083, -0.018533186987042427, -0.018616808578372, -0.018628083169460297, -0.018689753487706184, -0.01876690424978733, -0.018813759088516235, -0.01888556405901909, -0.018947342410683632, -0.019021084532141685, -0.019092310220003128, -0.01912626624107361, -0.019183164462447166, -0.01925935037434101, -0.019333694130182266, -0.01937331072986126, -0.01942044496536255, -0.019463567063212395, -0.019529616460204124, -0.019615862518548965, -0.019656533375382423, -0.019663002341985703, -0.019664324820041656, -0.019664017483592033, -0.019664239138364792, -0.0196608304977417, -0.019645700231194496, -0.019662735983729362, -0.019657723605632782, -0.019660696387290955, -0.019619528204202652, -0.019539285451173782, -0.01949692890048027, -0.019420243799686432, -0.01934203691780567, -0.019301392138004303, -0.019221549853682518, -0.019178256392478943, -0.019103432074189186, -0.019025294110178947, -0.01898558810353279, -0.018906190991401672, -0.018867164850234985, -0.018780674785375595, -0.018703153356909752, -0.018661031499505043, -0.018588587641716003, -0.01847185380756855, -0.018425224348902702, -0.018347736448049545, -0.018270645290613174, -0.018229283392429352, -0.01815570704638958, -0.0181052777916193, -0.018026230856776237, -0.01795419678092003, -0.018217120319604874, -0.018234338611364365, -0.01829933002591133, -0.018370673060417175, -0.0184347964823246, -0.018502121791243553, -0.01854236051440239, -0.018615294247865677, -0.01868721842765808, -0.018762068822979927, -0.018786896020174026, -0.018856676295399666, -0.018930641934275627, -0.018987713381648064, -0.019064487889409065, -0.01913204789161682, -0.01916535198688507, -0.019224250689148903, -0.01929590478539467, -0.01930631324648857, -0.019384967163205147, -0.019445247948169708, -0.019485989585518837, -0.01957201026380062, -0.01961614191532135, -0.01964399591088295, -0.019658390432596207, -0.019654663279652596, -0.019658280536532402, -0.01963840052485466, -0.019575875252485275, -0.01961827464401722, -0.01962103694677353, -0.01961827464401722, -0.019575754180550575, -0.019499920308589935, -0.019419915974140167, -0.019380372017621994, -0.019300898537039757, -0.01925620064139366, -0.019181419163942337, -0.01910337805747986, -0.019065506756305695, -0.018985388800501823, -0.01894328184425831, -0.018866755068302155, -0.018821101635694504, -0.018739404156804085, -0.01866368018090725, -0.018588067963719368, -0.018551398068666458, -0.018424788489937782, -0.018347373232245445, -0.01830579712986946, -0.01822887733578682, -0.018182726576924324, -0.018105529248714447, -0.01802595518529415, -0.017986727878451347, -0.01791534200310707, -0.018159275874495506, -0.01822993904352188, -0.018306327983736992, -0.018375208601355553, -0.018430626019835472, -0.018500104546546936, -0.01854616403579712, -0.01858145371079445, -0.01865258626639843, -0.018726052716374397, -0.018783068284392357, -0.0188668854534626, -0.01892242394387722, -0.018950216472148895, -0.019022202119231224, -0.019088493660092354, -0.01917055994272232, -0.019167829304933548, -0.01921042799949646, -0.019298873841762543, -0.01937294192612171, -0.019415119662880898, -0.019458767026662827, -0.019527994096279144, -0.01957310549914837, -0.01962258107960224, -0.019611641764640808, -0.01961006037890911, -0.0195766594260931, -0.01957002654671669, -0.019474400207400322, -0.01957990974187851, -0.01958235539495945, -0.01957940310239792, -0.01949915662407875, -0.019456425681710243, -0.019379734992980957, -0.019337700679898262, -0.01925600878894329, -0.01918133907020092, -0.019137423485517502, -0.019065245985984802, -0.019021105021238327, -0.018942883238196373, -0.01886645145714283, -0.018820825964212418, -0.018739163875579834, -0.018698859959840775, -0.018619447946548462, -0.01855115406215191, -0.01850833185017109, -0.01558527909219265, -0.016484299674630165, -0.016148123890161514, -0.016460658982396126, -0.015887321904301643, -0.016133029013872147, -0.015811778604984283, -0.015931887552142143, -0.015578243881464005, nan, nan, nan, nan, nan, -0.018462473526597023, -0.01853831857442856, -0.01859375461935997, -0.018649492412805557, -0.01872134767472744, -0.018743174150586128, -0.018828507512807846, -0.01888575218617916, -0.018892765045166016, -0.01888793148100376, nan, nan, nan, nan, nan, nan, nan, nan, nan, nan, nan, nan, nan, nan, nan, nan, nan, nan, -0.014414194971323013, 0.011296105571091175, -0.014611822552978992, -0.01444736123085022, -0.014522168785333633, -0.014170615002512932, -0.014483972452580929, -0.014444580301642418, -0.014519281685352325, -0.014646654017269611, -0.01457569096237421, -0.014712941832840443, -0.016119936481118202, -0.015802962705492973, -0.016014069318771362, -0.01533207856118679, -0.015753725543618202, -0.015605941414833069, nan, nan, nan, nan, nan, nan, nan, nan, nan, nan, nan, nan, -0.018244322389364243, -0.01831265725195408, -0.018441487103700638, -0.018542230129241943, -0.01854790560901165, -0.018612727522850037, -0.01868845522403717, -0.018742216750979424, -0.018815042451024055, -0.018888821825385094, nan, nan, nan, nan, nan, nan, nan, nan, nan, nan, nan, nan, nan, nan, nan, nan, nan, nan, nan, nan, nan, nan, nan, nan, nan, nan, nan, nan, nan, nan, nan, nan, nan, nan, nan, nan, nan, nan, nan, nan, nan, nan, nan, nan, nan, nan, nan, nan, -0.01811659336090088, -0.01818803697824478, -0.018264250829815865, -0.018348453566432, -0.01842343807220459, -0.018475644290447235, -0.01853598654270172, -0.018623003736138344, -0.0186945591121912, nan, nan, nan, nan, nan, nan, nan, nan, nan, nan, nan, nan, nan, nan, nan, nan, nan, nan, nan, nan, nan, nan, nan, nan, nan, nan, nan, nan, nan, nan, nan, nan, nan, nan, nan, nan, nan, nan, nan, nan, nan, nan, nan, nan, nan, nan, nan, nan, nan, nan, -0.018061839044094086, -0.018116293475031853, -0.018220745027065277, -0.018275031819939613, -0.01833825185894966, -0.018413249403238297, -0.018471291288733482, -0.018541421741247177, nan, nan, nan, nan, nan, nan, nan, nan, nan, nan, nan, nan, nan, nan, nan, nan, nan, nan, nan, nan, nan, nan, nan, nan, nan, nan, nan, nan, nan, nan, nan, nan, nan, nan, nan, nan, nan, nan, nan, nan, nan, nan, nan, nan, nan, nan, nan, nan, nan, nan, nan, nan, -0.01806437037885189, -0.018113425001502037, -0.01821180060505867, -0.018274972215294838, -0.0183505080640316, -0.018422065302729607, nan, nan, nan, nan, nan, nan, nan, nan, nan, nan, nan, nan, nan, nan, nan, nan, nan, nan, nan, nan, nan, nan, nan, nan, nan, nan, nan, nan, nan, nan, nan, nan, nan, nan, nan, nan, nan, nan, nan, nan, nan, nan, nan, nan, nan, nan, nan, nan, nan, nan, nan, nan, nan, nan, -0.018064310774207115, -0.01811276003718376, -0.018215175718069077, -0.018271682783961296, nan, nan, nan, nan, nan, nan, nan, nan, nan, nan, nan, nan, nan, nan, nan, nan, nan, nan, nan, nan, nan, nan, nan, nan, nan, nan, nan, nan, nan, nan, nan, nan, nan, nan, nan, nan, nan, nan, nan, nan, nan, nan, nan, nan, nan, nan, nan, nan, nan, nan, nan, nan, nan, nan, nan, nan, -0.018063372001051903, -0.0180603489279747, nan, nan, nan, nan, nan, nan, nan, nan, nan, nan, nan, nan, nan, nan, nan, nan, nan, nan, nan, nan, nan, nan, nan, nan, nan, nan, nan, nan, nan, nan, nan, nan, nan, nan, nan, nan, nan, nan, nan, nan, nan, nan, nan, nan, nan, nan, nan, nan, nan, nan, nan, nan, nan, nan, nan, nan, nan, nan, nan, nan, nan, nan, nan, nan, nan, nan, nan, nan, nan, nan, nan, nan, nan, nan, nan, nan, nan, nan, nan, nan, nan, nan, nan, nan, nan, nan, nan, nan, nan, nan, nan, nan, nan, nan, nan, nan, nan, nan, nan, nan, nan, nan, nan, nan, nan, nan, nan, nan, nan, nan, nan, nan, nan, nan, nan, nan, nan, nan, nan, nan, nan, nan, nan, nan, nan, nan, nan, nan, nan, nan, nan, nan, nan, nan, nan, nan, nan, nan, nan, nan, nan, nan, nan, nan, nan, nan, nan, nan, nan, nan, nan, nan, nan, nan, nan, nan, nan, nan, nan, nan, nan, nan, nan, nan, nan, nan, nan, nan, nan, nan, nan, nan, nan, nan, nan, nan, nan, nan, nan, nan, nan, nan, nan, nan, nan, nan, nan, nan, nan, nan, nan, nan, nan, nan, nan, nan, nan, nan, nan, nan, nan, nan, nan, nan, nan, nan, nan, nan, nan, nan, nan, nan, nan, nan, nan, nan, nan, nan, nan, nan, nan, nan, nan, nan, nan, nan, nan, nan, nan, nan, nan, nan, nan, nan, nan, nan, nan, nan, nan, nan, nan, nan, nan, nan, nan, nan, nan, nan, nan, nan, nan, nan, nan, nan, nan, nan, nan, nan, nan, nan, nan, nan, nan, nan, nan, nan, nan, nan, nan, nan, nan, nan, nan, nan, nan, nan, nan, nan, nan, nan, nan, nan, nan, nan, nan, nan, nan, nan, nan, nan, nan, nan, nan, nan, nan, nan, nan, nan, nan, nan, nan, nan, nan, nan, nan, nan, nan, nan, nan, nan, nan, nan, nan, nan, nan, nan, nan, nan, nan, nan, nan, nan, nan, nan, nan, nan, nan, nan, nan, nan, nan, nan, nan, nan, nan, nan, nan, nan, nan, nan, nan, nan, nan, nan, nan, nan, nan, nan, nan, nan, nan, nan, nan, nan, nan, nan, nan, nan, nan, nan, nan, nan, nan, nan, nan, nan, nan, nan, nan, nan, nan, nan, nan, nan, nan, nan, nan, nan, nan, nan, nan, nan, nan, nan, nan, nan, nan, nan, nan, nan, nan, nan, nan, nan, nan, nan, nan, nan, nan, nan, nan, nan, nan, nan, nan, nan, nan, nan, nan, nan, nan, nan, nan, nan, nan, nan, nan, nan, nan, nan, nan, nan, nan, nan, nan, nan, nan, nan, nan, nan, nan, nan, nan, nan, nan, nan, nan, nan, nan, nan, nan, nan, nan, nan, nan, nan, nan, nan, nan, nan, nan, nan, nan, nan, nan, nan, nan, nan, nan, nan, nan, nan, nan, nan, nan, nan, nan, nan, nan, nan, nan, nan, nan, nan, nan, nan, nan, nan, nan, nan, nan, nan, nan, nan, nan, nan, nan, nan, nan, nan, nan, nan, nan, nan, nan, nan, nan, nan, nan, nan, nan, nan, nan, nan, nan, nan, nan, nan, nan, nan, nan, nan, nan, nan, nan, nan, nan, nan, nan, nan, nan, nan, nan, nan, nan, nan, nan, nan, nan, nan, nan, nan, nan, nan, nan, nan, nan, nan, nan, nan, nan, nan, nan, nan, nan, nan, nan, nan, nan, nan, nan, nan, nan, nan, nan, nan, nan, nan, nan, nan, nan, nan, nan, nan, nan, nan, nan, nan, nan, nan, nan, nan, nan, nan, nan, nan, nan, nan, nan, nan, nan, nan, nan, nan, nan, nan, nan, nan, nan, nan, nan, nan, nan, nan, nan, nan, nan, nan, nan, nan, nan, nan, nan, nan, nan, nan, nan, nan, nan, nan, nan, nan, nan, nan, nan, nan, nan, nan, nan, nan, nan, nan, nan, nan, nan, nan, nan, nan, nan, nan, nan, nan, nan, nan, nan, nan, nan, nan, nan, nan, nan, nan, nan, nan, nan, nan, nan, nan, nan, nan, nan, nan, nan, nan, nan, nan, nan, nan, nan, nan, nan, nan, nan, nan, nan, nan, nan, nan, nan, nan, nan, nan, nan, nan, nan, nan, nan, nan, nan, nan, nan, nan, nan, nan, nan, nan, nan, nan, nan, nan, nan, nan, nan, nan, nan, nan, nan, nan, nan, nan, nan, nan, nan, nan, nan, nan, nan, nan, nan, nan, nan, nan, nan, nan, nan, nan, nan, nan, nan, nan, nan, nan, nan, nan, nan, nan, nan, nan, nan, nan, nan, nan, nan, nan, nan, nan, nan, nan, nan, nan, nan, nan, nan, nan, nan, nan, nan, nan, nan, nan, nan, nan, nan, nan, nan, nan, nan, nan, nan, nan, nan, nan, nan, nan, nan, nan, nan, nan, nan, nan, nan, nan, nan, nan, nan, nan, nan, nan, nan, nan, nan, nan, nan, nan, nan, nan, nan, nan, nan, nan, nan, nan, nan, nan, nan, nan, nan, nan, nan, nan, nan, nan, nan, nan, nan, nan, nan, nan, nan, nan, nan, nan, nan, nan, nan, nan, nan, nan, nan, nan, nan, nan, nan, nan, nan, nan, nan, nan, nan, nan, nan, nan, nan, nan, nan, nan, nan, nan, nan, nan, nan, nan, nan, nan, nan, nan, nan, nan, nan, nan, nan, nan, nan, nan, nan, nan, nan, nan, nan, nan, nan, nan, nan, nan, nan, nan, nan, nan, nan, nan, nan, nan, nan, nan, nan, nan, nan, nan, nan, nan, nan, nan, nan, nan, nan, nan, nan, nan, nan, nan, nan, nan, nan, nan, nan, nan, nan, nan, nan, nan, nan, nan, nan, nan, nan, nan, nan, nan, nan, nan, nan, nan, nan, nan, nan, nan, nan, nan, nan, nan, nan, nan, nan, nan, nan, nan, nan, nan, nan, nan, nan, nan, nan, nan, nan, nan, nan, nan, nan, nan, nan, nan, nan, nan, nan, nan, nan, nan, nan, nan, nan, nan, nan, nan, nan, nan, nan, nan, nan, nan, nan, nan, nan, nan, nan, nan, nan, nan, nan, nan, nan, nan, nan, nan, nan, nan, nan, nan, nan, nan, nan, nan, nan, nan, nan, nan, nan, nan, nan, nan, nan, nan, nan, nan, nan, nan, nan, nan, nan, nan, nan, nan, nan, nan, nan, nan, nan, nan, nan, -0.017795424908399582, -0.01779523678123951, -0.017792563885450363, -0.017704568803310394, -0.01765376329421997, -0.017650706693530083, -0.017655929550528526, -0.01755433715879917, -0.017498955130577087, nan, nan, nan, nan, nan, nan, nan, nan, nan, nan, nan, nan, nan, nan, nan, nan, nan, nan, nan, nan, nan, nan, -0.01815815456211567, -0.018266938626766205, -0.01826106198132038, -0.018270188942551613, -0.018262453377246857, -0.018278297036886215, -0.018278103321790695, -0.018275238573551178, -0.01826353371143341, -0.018264703452587128, -0.018263081088662148, -0.018235022202134132, -0.01823561266064644, -0.01822269894182682, -0.01822015270590782, -0.01818099617958069, -0.018191372975707054, -0.0181921124458313, -0.01819031685590744, -0.018115239217877388, -0.01810004562139511, -0.018098318949341774, -0.018055224791169167, -0.01806033030152321, -0.017992669716477394, -0.017954399809241295, -0.01795661263167858, -0.017954319715499878, -0.01787581853568554, -0.017864733934402466, -0.01787831261754036, -0.01779584214091301, -0.017751937732100487, -0.017744777724146843, -0.01775064319372177, -0.017657650634646416, -0.0175543911755085, -0.01749899610877037, nan, nan, nan, nan, nan, nan, nan, nan, nan, nan, nan, nan, nan, nan, nan, nan, nan, nan, nan, nan, nan, nan, -0.018266962841153145, -0.01830563321709633, -0.01829678565263748, -0.018305426463484764, -0.018313175067305565, -0.018375907093286514, -0.018358701840043068, -0.018375970423221588, -0.018316809087991714, -0.018374739214777946, -0.018357496708631516, -0.018374767154455185, -0.018300693482160568, -0.018275856971740723, -0.018275337293744087, -0.01825958490371704, -0.018258478492498398, -0.01823464408516884, -0.01823158748447895, -0.018181055784225464, -0.018191669136285782, -0.018180763348937035, -0.01818479597568512, -0.01811016909778118, -0.018030473962426186, -0.018004143610596657, -0.01802835240960121, -0.017957163974642754, -0.01787996105849743, -0.01795671135187149, -0.017880018800497055, -0.017839569598436356, -0.017833048477768898, -0.01783846691250801, -0.017752520740032196, -0.01765771210193634, -0.017586007714271545, -0.017498744651675224, nan, nan, nan, nan, nan, nan, nan, nan, nan, nan, nan, nan, nan, nan, nan, nan, nan, nan, nan, nan, nan, nan, -0.018346725031733513, -0.018338972702622414, -0.018351547420024872, -0.01833733543753624, -0.018374396488070488, -0.01842648908495903, -0.018415963277220726, -0.01842653751373291, -0.018390027806162834, -0.01842530630528927, -0.018414607271552086, -0.018424544483423233, -0.018370740115642548, -0.0183778814971447, -0.018353067338466644, -0.018352393060922623, -0.018338851630687714, -0.018346687778830528, -0.018276335671544075, -0.018245764076709747, -0.018255790695548058, -0.018224172294139862, -0.018221817910671234, -0.01815730147063732, -0.018064655363559723, -0.018063360825181007, -0.018060926347970963, -0.01797991432249546, -0.01794402487576008, -0.017991600558161736, -0.017920562997460365, -0.01791452243924141, -0.017919523641467094, -0.017840206623077393, -0.017752593383193016, -0.017657475546002388, -0.017606448382139206, -0.017498455941677094, nan, nan, nan, nan, nan, nan, nan, nan, nan, nan, nan, nan, nan, nan, nan, nan, nan, nan, nan, nan, nan, nan, -0.018385762348771095, -0.018387798219919205, -0.018414733931422234, -0.018415167927742004, -0.018457768484950066, -0.018460510298609734, -0.018459586426615715, -0.01843593828380108, -0.018435681238770485, -0.018470434471964836, -0.01845993846654892, -0.018473895266652107, -0.018459802493453026, -0.01845492050051689, -0.01841265708208084, -0.018407918512821198, -0.018379846587777138, -0.018377941101789474, -0.01833951659500599, -0.018351100385189056, -0.01827573962509632, -0.01823258213698864, -0.018233703449368477, -0.018161503598093987, -0.01814388483762741, -0.018156133592128754, -0.01809440553188324, -0.01803988590836525, -0.018058694899082184, -0.017996151000261307, -0.017990073189139366, -0.01799471117556095, -0.01792112924158573, -0.017840269953012466, -0.017752325162291527, -0.017686381936073303, -0.017606517300009727, -0.017535008490085602, nan, nan, nan, nan, nan, nan, nan, nan, nan, nan, nan, nan, nan, nan, nan, nan, nan, nan, nan, nan, nan, nan, -0.01846664771437645, -0.018458940088748932, -0.018497120589017868, -0.018498942255973816, -0.01851518265902996, -0.018503036350011826, -0.018518639728426933, -0.01854514144361019, -0.018537672236561775, -0.018545011058449745, -0.01851814053952694, -0.018515832722187042, -0.018502164632081985, -0.018512260168790817, -0.018477413803339005, -0.01845911145210266, -0.018417276442050934, -0.018416766077280045, -0.018376005813479424, -0.01837465725839138, -0.018340881913900375, -0.018345864489674568, -0.01827540248632431, -0.01824488677084446, -0.01826724223792553, -0.01817883551120758, -0.01814420521259308, -0.01815655082464218, -0.018104715272784233, -0.01807457208633423, -0.01809728890657425, -0.017996232956647873, -0.017921186983585358, -0.017840014770627022, -0.01777900755405426, -0.017705125734210014, -0.017606250941753387, -0.01755288429558277, nan, nan, nan, nan, nan, nan, nan, nan, nan, nan, nan, nan, nan, nan, nan, nan, nan, nan, nan, nan, nan, nan, -0.018541542813181877, -0.018536604940891266, -0.01856907084584236, -0.0185727346688509, -0.0185854509472847, -0.01857636496424675, -0.018575722351670265, -0.018558064475655556, -0.01855778880417347, -0.01858370192348957, -0.018575793132185936, -0.01857484132051468, -0.01858106069266796, -0.018573954701423645, -0.018569445237517357, -0.01853623241186142, -0.018534911796450615, -0.018501708284020424, -0.018507735803723335, -0.018429961055517197, -0.01838776282966137, -0.018385224044322968, -0.018311189487576485, -0.01827489212155342, -0.018274851143360138, -0.018216826021671295, -0.0181905347853899, -0.018188411369919777, -0.018113750964403152]
  - 
    layout: 
      dim: 
        - 
          label: "column_index"
          size: 60
          stride: 3600
        - 
          label: "row_index"
          size: 60
          stride: 60
      data_offset: 0
    data: [5.070759642482748e-39, 5.070759642482748e-39, 5.070759642482748e-39, 5.070759642482748e-39, 5.070759642482748e-39, 5.070759642482748e-39, 5.070759642482748e-39, 5.070759642482748e-39, 5.070759642482748e-39, nan, nan, nan, nan, nan, nan, nan, nan, nan, nan, nan, nan, nan, nan, nan, nan, nan, nan, nan, nan, nan, nan, 3.409844012970936e-39, 2.869237078419065e-39, 4.336800144524874e-39, 5.1629552723460706e-39, 5.1629552723460706e-39, 5.070759642482748e-39, 5.070759642482748e-39, 5.070759642482748e-39, 5.070759642482748e-39, 5.070759642482748e-39, 5.070759642482748e-39, 5.070759642482748e-39, 5.070759642482748e-39, 5.070759642482748e-39, 5.070759642482748e-39, 5.070759642482748e-39, 5.070759642482748e-39, 5.070759642482748e-39, 5.070759642482748e-39, 5.070759642482748e-39, 5.070759642482748e-39, 4.148803343849521e-39, 5.070759642482748e-39, 5.070759642482748e-39, 5.070759642482748e-39, 5.070759642482748e-39, 5.070759642482748e-39, 5.070759642482748e-39, 4.3331946035761664e-39, 2.0395044356184474e-39, 1.7625588136216122e-39, 2.129900798253577e-39, 3.599270138079901e-39, 5.070759642482748e-39, 5.070759642482748e-39, 5.070759642482748e-39, 5.070759642482748e-39, 4.0566077139861983e-39, nan, nan, nan, nan, nan, nan, nan, nan, nan, nan, nan, nan, nan, nan, nan, nan, nan, nan, nan, nan, nan, nan, 2.4014472172673688e-39, 3.513523283749401e-39, 5.1629552723460706e-39, 5.1629552723460706e-39, 5.1629552723460706e-39, 5.1629552723460706e-39, 5.070759642482748e-39, 5.070759642482748e-39, 5.070759642482748e-39, 5.070759642482748e-39, 5.070759642482748e-39, 5.070759642482748e-39, 5.070759642482748e-39, 5.070759642482748e-39, 5.070759642482748e-39, 5.070759642482748e-39, 5.070759642482748e-39, 5.070759642482748e-39, 2.4079268213664067e-39, 1.6689226489369636e-39, 1.8540327747758076e-39, 2.0377023657933257e-39, 1.762200081214745e-39, 1.9465913409413904e-39, 1.8540355773727363e-39, 1.6707247187620853e-39, 1.7622014825132094e-39, 1.7622014825132094e-39, 1.947310207053589e-39, 1.6700058526498867e-39, 2.1302609319589085e-39, 4.885680345210119e-39, 3.3223329238738515e-39, 5.070759642482748e-39, 5.070759642482748e-39, 5.070759642482748e-39, 4.6097814931661345e-39, 5.070759642482748e-39, nan, nan, nan, nan, nan, nan, nan, nan, nan, nan, nan, nan, nan, nan, nan, nan, nan, nan, nan, nan, nan, nan, 2.8609862330611206e-39, 3.605720314911188e-39, 5.1629552723460706e-39, 5.1629552723460706e-39, 5.1629552723460706e-39, 5.070759642482748e-39, 5.070759642482748e-39, 5.070759642482748e-39, 5.070759642482748e-39, 5.070759642482748e-39, 5.070759642482748e-39, 5.070759642482748e-39, 5.070759642482748e-39, 5.070759642482748e-39, 5.070759642482748e-39, 5.070759642482748e-39, 5.070759642482748e-39, 5.070759642482748e-39, 1.669282782642295e-39, 1.9465885383444618e-39, 1.667840846522505e-39, 1.8540355773727363e-39, 1.8547558447833992e-39, 1.9465927422398548e-39, 2.2235369629382257e-39, 2.2235369629382257e-39, 2.5908733423763332e-39, 2.0391471045100446e-39, 1.946951474646722e-39, 2.038424034502453e-39, 2.4976029165908734e-39, 3.1379388615502775e-39, 3.3208881851571326e-39, 5.070759642482748e-39, 4.6097814931661345e-39, 3.78002082439623e-39, 5.070759642482748e-39, 5.070759642482748e-39, nan, nan, nan, nan, nan, nan, nan, nan, nan, nan, nan, nan, nan, nan, nan, nan, nan, nan, nan, nan, nan, nan, 2.3063803268506445e-39, 3.603563716574592e-39, 5.1629552723460706e-39, 5.1629552723460706e-39, 5.1629552723460706e-39, 5.1629552723460706e-39, 5.1629552723460706e-39, 5.070759642482748e-39, 5.070759642482748e-39, 5.070759642482748e-39, 5.070759642482748e-39, 5.070759642482748e-39, 5.070759642482748e-39, 5.070759642482748e-39, 5.070759642482748e-39, 5.070759642482748e-39, 5.070759642482748e-39, 5.070759642482748e-39, 2.038065302095586e-39, 1.9469528759451862e-39, 1.4841754594003797e-39, 1.484172656803451e-39, 1.7621972786178164e-39, 1.2997841996737343e-39, 1.4845355931057112e-39, 1.577089955375901e-39, 1.6700044513514224e-39, 1.2987066011546686e-39, 1.5770913566743654e-39, 1.7604036165834806e-39, 2.2231768292328942e-39, 2.3150123253908854e-39, 2.2228166955275627e-39, 5.070759642482748e-39, 5.070759642482748e-39, 5.070759642482748e-39, 5.070759642482748e-39, 5.070759642482748e-39, nan, nan, nan, nan, nan, nan, nan, nan, nan, nan, nan, nan, nan, nan, nan, nan, nan, nan, nan, nan, nan, nan, 5.990926482977032e-39, 3.878714275238627e-39, 5.1629552723460706e-39, 5.1629552723460706e-39, 5.1629552723460706e-39, 5.1629552723460706e-39, 5.1629552723460706e-39, 5.070759642482748e-39, 5.070759642482748e-39, 5.070759642482748e-39, 5.070759642482748e-39, 5.070759642482748e-39, 5.070759642482748e-39, 5.070759642482748e-39, 5.070759642482748e-39, 5.070759642482748e-39, 5.070759642482748e-39, 5.070759642482748e-39, 1.9458724748291918e-39, 2.2235439694305473e-39, 1.576369687965238e-39, 1.8540327747758076e-39, 1.9462284046391303e-39, 1.854754443484935e-39, 2.223534160341297e-39, 3.688548264540499e-39, 2.0391457032115803e-39, 1.8540369786712006e-39, 1.8540369786712006e-39, 2.7759876721105702e-39, 3.143329656742535e-39, 3.327719515170716e-39, 5.070759642482748e-39, 5.070759642482748e-39, 5.070759642482748e-39, 5.070759642482748e-39, 5.070759642482748e-39, 5.070759642482748e-39, nan, nan, nan, nan, nan, nan, nan, nan, nan, nan, nan, nan, nan, nan, nan, nan, nan, nan, nan, nan, nan, nan, 2.4929225797200285e-39, 4.703424664343105e-39, 5.1629552723460706e-39, 5.1629552723460706e-39, 5.1629552723460706e-39, 5.1629552723460706e-39, 5.1629552723460706e-39, 5.070759642482748e-39, 5.070759642482748e-39, 5.070759642482748e-39, 5.070759642482748e-39, 5.070759642482748e-39, 5.070759642482748e-39, 5.070759642482748e-39, 5.070759642482748e-39, 5.070759642482748e-39, 5.070759642482748e-39, 5.070759642482748e-39, 2.3146535929840182e-39, 2.31573959929387e-39, 1.6696429163476266e-39, 5.070759642482748e-39, 1.7618399475094136e-39, 1.9469486720497933e-39, 2.5876209286406353e-39, 2.4075666876610752e-39, 2.315372459096217e-39, 2.222097829415364e-39, 2.683073176135049e-39, 3.787615862072871e-39, 4.70848755569471e-39, 4.707765886985583e-39, 4.247510807676561e-39, 5.070759642482748e-39, 5.070759642482748e-39, 5.070759642482748e-39, 5.070759642482748e-39, 5.070759642482748e-39, nan, nan, nan, nan, nan, nan, nan, nan, nan, nan, nan, nan, nan, nan, nan, nan, nan, nan, nan, nan, nan, nan, 3.043216690555777e-39, 5.1629552723460706e-39, 5.1629552723460706e-39, 5.1629552723460706e-39, 5.1629552723460706e-39, 5.1629552723460706e-39, 5.1629552723460706e-39, 5.070759642482748e-39, 5.070759642482748e-39, 5.070759642482748e-39, 5.070759642482748e-39, 5.070759642482748e-39, 5.070759642482748e-39, 5.070759642482748e-39, 5.070759642482748e-39, 5.070759642482748e-39, 5.070759642482748e-39, 5.070759642482748e-39, 2.4990434514121993e-39, 2.3153780642900742e-39, 1.854392908481139e-39, 1.4848943255125784e-39, 2.862765882110813e-39, 4.8863683827561025e-39, 2.4072065539557438e-39, 2.5915964123839248e-39, 2.7756275384052387e-39, 2.7745471372892443e-39, 5.070759642482748e-39, 3.7876144607744065e-39, 4.70848755569471e-39, 5.0758267377297465e-39, 5.998134762277519e-39, 5.070759642482748e-39, 5.070759642482748e-39, 5.070759642482748e-39, 5.070759642482748e-39, 5.070759642482748e-39, nan, nan, nan, nan, nan, nan, nan, nan, nan, nan, nan, nan, nan, nan, nan, nan, nan, nan, nan, nan, nan, nan, 1.9408278003576225e-39, 5.1629552723460706e-39, 5.1629552723460706e-39, 5.1629552723460706e-39, 5.1629552723460706e-39, 5.1629552723460706e-39, 5.1629552723460706e-39, 5.070759642482748e-39, 5.070759642482748e-39, 5.070759642482748e-39, 5.070759642482748e-39, 5.070759642482748e-39, 5.070759642482748e-39, 5.070759642482748e-39, 5.070759642482748e-39, 5.070759642482748e-39, 5.070759642482748e-39, 5.070759642482748e-39, 5.070759642482748e-39, 5.070759642482748e-39, 1.7621972786178164e-39, 2.311041045542989e-39, 2.5854559225132535e-39, 1.6689254515338923e-39, 2.1302609319589085e-39, 1.6682065854216936e-39, 5.070759642482748e-39, 2.4064862865450808e-39, 3.603584736051557e-39, 2.9589383970158897e-39, 3.511030373781367e-39, 5.070759642482748e-39, 4.8925158791190955e-39, 5.070759642482748e-39, 5.070759642482748e-39, 5.070759642482748e-39, 5.070759642482748e-39, 5.070759642482748e-39, nan, nan, nan, nan, nan, nan, nan, nan, nan, nan, nan, nan, nan, nan, nan, nan, nan, nan, nan, nan, nan, nan, 2.030149367070615e-39, 5.070759642482748e-39, 5.1629552723460706e-39, 5.1629552723460706e-39, 5.1629552723460706e-39, 5.1629552723460706e-39, 5.1629552723460706e-39, 5.070759642482748e-39, 5.070759642482748e-39, 5.070759642482748e-39, 5.070759642482748e-39, 5.070759642482748e-39, 5.070759642482748e-39, 5.070759642482748e-39, 5.070759642482748e-39, 5.070759642482748e-39, 5.070759642482748e-39, 5.070759642482748e-39, 5.070759642482748e-39, 5.070759642482748e-39, 5.070759642482748e-39, 2.769485647236103e-39, 1.9465885383444618e-39, 1.8543943097796034e-39, 1.946589939642926e-39, 2.129900798253577e-39, 2.129900798253577e-39, 2.129180530842914e-39, 2.5905174125663947e-39, 2.222455160523767e-39, 2.1302609319589085e-39, 2.314290656681758e-39, 2.221734893113104e-39, 5.070759642482748e-39, 5.070759642482748e-39, 5.070759642482748e-39, 5.070759642482748e-39, 4.701977123029457e-39, nan, nan, nan, nan, nan, nan, nan, nan, nan, nan, nan, nan, nan, nan, nan, nan, nan, nan, nan, nan, nan, nan, 5.712545931352728e-39, 4.794176956788173e-39, 5.1629552723460706e-39, 5.1629552723460706e-39, 5.1629552723460706e-39, 5.1629552723460706e-39, 5.1629552723460706e-39, 5.070759642482748e-39, 5.070759642482748e-39, 5.070759642482748e-39, 5.070759642482748e-39, 5.070759642482748e-39, 5.070759642482748e-39, 5.070759642482748e-39, 5.070759642482748e-39, 5.070759642482748e-39, 5.070759642482748e-39, 5.070759642482748e-39, 1.4841740581019154e-39, 5.070759642482748e-39, 5.070759642482748e-39, 5.070759642482748e-39, 1.6692813813438308e-39, 1.8543915071826748e-39, 1.9462256020422017e-39, 1.8543915071826748e-39, 1.9458682709337988e-39, 1.6685653178285608e-39, 1.667846451716362e-39, 5.070759642482748e-39, 5.070759642482748e-39, 5.070759642482748e-39, 5.070759642482748e-39, 5.070759642482748e-39, 5.070759642482748e-39, 5.070759642482748e-39, 4.0566077139861983e-39, 3.78002082439623e-39, nan, nan, nan, nan, nan, nan, nan, nan, nan, nan, nan, nan, nan, nan, nan, nan, nan, nan, nan, nan, nan, nan, 2.8602575578596717e-39, 5.1629552723460706e-39, 5.1629552723460706e-39, 5.1629552723460706e-39, 5.1629552723460706e-39, 5.1629552723460706e-39, 5.1629552723460706e-39, 5.1629552723460706e-39, 5.070759642482748e-39, 5.070759642482748e-39, 5.070759642482748e-39, 5.070759642482748e-39, 5.070759642482748e-39, 5.070759642482748e-39, 5.070759642482748e-39, 5.070759642482748e-39, 5.070759642482748e-39, 5.070759642482748e-39, 5.070759642482748e-39, 5.070759642482748e-39, 5.070759642482748e-39, 5.070759642482748e-39, 5.070759642482748e-39, 5.070759642482748e-39, 5.070759642482748e-39, 5.070759642482748e-39, 5.070759642482748e-39, 5.070759642482748e-39, 5.070759642482748e-39, 5.070759642482748e-39, 5.070759642482748e-39, 5.070759642482748e-39, 5.070759642482748e-39, 5.070759642482748e-39, 3.9644120841228757e-39, 4.240998973712844e-39, 5.070759642482748e-39, 4.8863683827561025e-39, nan, nan, nan, nan, nan, nan, nan, nan, nan, nan, nan, nan, nan, nan, nan, nan, nan, nan, nan, nan, nan, nan, 7.369892453675904e-39, 5.1629552723460706e-39, 5.1629552723460706e-39, 5.1629552723460706e-39, 5.1629552723460706e-39, 5.1629552723460706e-39, 5.1629552723460706e-39, 5.1629552723460706e-39, 5.070759642482748e-39, 5.070759642482748e-39, 5.070759642482748e-39, 5.070759642482748e-39, 5.070759642482748e-39, 5.070759642482748e-39, 5.070759642482748e-39, 5.070759642482748e-39, 5.070759642482748e-39, 5.070759642482748e-39, 5.070759642482748e-39, 5.070759642482748e-39, 5.070759642482748e-39, 5.070759642482748e-39, 5.070759642482748e-39, 5.070759642482748e-39, 5.070759642482748e-39, 5.070759642482748e-39, 5.070759642482748e-39, 5.070759642482748e-39, 5.070759642482748e-39, 5.070759642482748e-39, 5.070759642482748e-39, 5.070759642482748e-39, 5.070759642482748e-39, 5.070759642482748e-39, 4.6097814931661345e-39, 5.070759642482748e-39, 5.070759642482748e-39, 5.070759642482748e-39, nan, nan, nan, nan, nan, nan, nan, nan, nan, nan, nan, nan, nan, nan, nan, nan, nan, nan, nan, nan, nan, nan, 3.8711710856051666e-39, 5.1629552723460706e-39, 5.1629552723460706e-39, 5.1629552723460706e-39, 5.1629552723460706e-39, 5.1629552723460706e-39, 5.1629552723460706e-39, 5.1629552723460706e-39, 5.1629552723460706e-39, 5.070759642482748e-39, 5.070759642482748e-39, 5.070759642482748e-39, 5.070759642482748e-39, 5.070759642482748e-39, 5.070759642482748e-39, 5.070759642482748e-39, 5.070759642482748e-39, 5.070759642482748e-39, 5.070759642482748e-39, 5.070759642482748e-39, 5.070759642482748e-39, 5.070759642482748e-39, 5.070759642482748e-39, 5.070759642482748e-39, 5.070759642482748e-39, 5.070759642482748e-39, 5.070759642482748e-39, 5.070759642482748e-39, 5.070759642482748e-39, 5.070759642482748e-39, 5.070759642482748e-39, 5.070759642482748e-39, 5.070759642482748e-39, 5.070759642482748e-39, 5.070759642482748e-39, 5.070759642482748e-39, 5.070759642482748e-39, 5.070759642482748e-39, nan, nan, nan, nan, nan, nan, nan, nan, nan, nan, nan, nan, nan, nan, nan, nan, nan, nan, nan, nan, nan, nan, 3.504550769682329e-39, 5.1629552723460706e-39, 5.1629552723460706e-39, 5.1629552723460706e-39, 5.1629552723460706e-39, 5.1629552723460706e-39, 5.1629552723460706e-39, 5.1629552723460706e-39, 5.1629552723460706e-39, 5.070759642482748e-39, 5.070759642482748e-39, 5.070759642482748e-39, 5.070759642482748e-39, 5.070759642482748e-39, 5.070759642482748e-39, 5.070759642482748e-39, 5.070759642482748e-39, 5.070759642482748e-39, 5.070759642482748e-39, 5.070759642482748e-39, 5.070759642482748e-39, 5.070759642482748e-39, 5.070759642482748e-39, 5.070759642482748e-39, 5.070759642482748e-39, 5.070759642482748e-39, 5.070759642482748e-39, 5.070759642482748e-39, 5.070759642482748e-39, 5.070759642482748e-39, 5.070759642482748e-39, 5.070759642482748e-39, 5.070759642482748e-39, 5.070759642482748e-39, 5.070759642482748e-39, 5.070759642482748e-39, 5.070759642482748e-39, 5.070759642482748e-39, nan, nan, nan, nan, nan, nan, nan, nan, nan, nan, nan, nan, nan, nan, nan, nan, nan, nan, nan, nan, nan, nan, 2.948858857162001e-39, 5.1629552723460706e-39, 5.1629552723460706e-39, 5.1629552723460706e-39, 5.1629552723460706e-39, 5.1629552723460706e-39, 5.1629552723460706e-39, 5.1629552723460706e-39, 5.1629552723460706e-39, 5.070759642482748e-39, 5.070759642482748e-39, 5.070759642482748e-39, 5.070759642482748e-39, 5.070759642482748e-39, 5.070759642482748e-39, 5.070759642482748e-39, 5.070759642482748e-39, 5.070759642482748e-39, 5.070759642482748e-39, 5.070759642482748e-39, 5.070759642482748e-39, 5.070759642482748e-39, 5.070759642482748e-39, 5.070759642482748e-39, 5.070759642482748e-39, 5.070759642482748e-39, 5.070759642482748e-39, 5.070759642482748e-39, 5.070759642482748e-39, 5.070759642482748e-39, 5.070759642482748e-39, 5.070759642482748e-39, 5.070759642482748e-39, 5.070759642482748e-39, 5.070759642482748e-39, 5.070759642482748e-39, 5.070759642482748e-39, 5.070759642482748e-39, nan, nan, nan, nan, nan, nan, nan, nan, nan, nan, nan, nan, nan, nan, nan, nan, nan, nan, nan, nan, nan, nan, 2.950662328285587e-39, 5.1629552723460706e-39, 5.1629552723460706e-39, 5.1629552723460706e-39, 5.1629552723460706e-39, 5.1629552723460706e-39, 5.1629552723460706e-39, 5.1629552723460706e-39, 5.1629552723460706e-39, 5.070759642482748e-39, 5.070759642482748e-39, 5.070759642482748e-39, 5.070759642482748e-39, 5.070759642482748e-39, 5.070759642482748e-39, 5.070759642482748e-39, 5.070759642482748e-39, 5.070759642482748e-39, 5.070759642482748e-39, 5.070759642482748e-39, 5.070759642482748e-39, 5.070759642482748e-39, 5.070759642482748e-39, 5.070759642482748e-39, 5.070759642482748e-39, 5.070759642482748e-39, 5.070759642482748e-39, 5.070759642482748e-39, 5.070759642482748e-39, 5.070759642482748e-39, 5.070759642482748e-39, 5.070759642482748e-39, 5.070759642482748e-39, 5.070759642482748e-39, 5.070759642482748e-39, 5.070759642482748e-39, 5.070759642482748e-39, 5.070759642482748e-39, nan, nan, nan, nan, nan, nan, nan, nan, nan, nan, nan, nan, nan, nan, nan, nan, nan, nan, nan, nan, nan, nan, 3.135050785415304e-39, 5.1629552723460706e-39, 5.1629552723460706e-39, 5.1629552723460706e-39, 5.1629552723460706e-39, 5.1629552723460706e-39, 5.1629552723460706e-39, 5.1629552723460706e-39, 5.1629552723460706e-39, 5.1629552723460706e-39, 5.070759642482748e-39, 5.070759642482748e-39, 5.070759642482748e-39, 5.070759642482748e-39, 5.070759642482748e-39, 5.070759642482748e-39, 5.070759642482748e-39, 5.070759642482748e-39, 5.070759642482748e-39, 5.070759642482748e-39, 5.070759642482748e-39, 5.070759642482748e-39, 5.070759642482748e-39, 5.070759642482748e-39, 5.070759642482748e-39, 5.070759642482748e-39, 5.070759642482748e-39, 5.070759642482748e-39, 5.070759642482748e-39, 5.070759642482748e-39, 5.070759642482748e-39, 5.070759642482748e-39, 5.070759642482748e-39, 5.070759642482748e-39, 5.070759642482748e-39, 5.070759642482748e-39, 5.070759642482748e-39, 5.070759642482748e-39, nan, nan, nan, nan, nan, nan, nan, nan, nan, nan, nan, nan, nan, nan, nan, nan, nan, nan, nan, nan, nan, nan, 5.986610483706912e-39, 5.1629552723460706e-39, 5.1629552723460706e-39, 5.1629552723460706e-39, 5.1629552723460706e-39, 5.1629552723460706e-39, 5.1629552723460706e-39, 5.1629552723460706e-39, 5.1629552723460706e-39, 5.1629552723460706e-39, 5.070759642482748e-39, 5.070759642482748e-39, 5.070759642482748e-39, 5.070759642482748e-39, 5.070759642482748e-39, 5.070759642482748e-39, 5.070759642482748e-39, 5.070759642482748e-39, 5.070759642482748e-39, 5.070759642482748e-39, 5.070759642482748e-39, 5.070759642482748e-39, 5.070759642482748e-39, 5.070759642482748e-39, 5.070759642482748e-39, 5.070759642482748e-39, 5.070759642482748e-39, 5.070759642482748e-39, 5.070759642482748e-39, 5.070759642482748e-39, 5.070759642482748e-39, 5.070759642482748e-39, 5.070759642482748e-39, 5.070759642482748e-39, 5.070759642482748e-39, 5.070759642482748e-39, 5.070759642482748e-39, 5.070759642482748e-39, nan, nan, nan, nan, nan, nan, nan, nan, nan, nan, nan, nan, nan, nan, nan, nan, nan, nan, nan, nan, nan, nan, 1.0141953687489437e-39, 5.1629552723460706e-39, 5.1629552723460706e-39, 5.1629552723460706e-39, 5.1629552723460706e-39, 5.1629552723460706e-39, 5.1629552723460706e-39, 5.1629552723460706e-39, 5.1629552723460706e-39, 5.1629552723460706e-39, 5.070759642482748e-39, 5.070759642482748e-39, 5.070759642482748e-39, 5.070759642482748e-39, 5.070759642482748e-39, 5.070759642482748e-39, 5.070759642482748e-39, 5.070759642482748e-39, 5.070759642482748e-39, 5.070759642482748e-39, 5.070759642482748e-39, 5.070759642482748e-39, 5.070759642482748e-39, 5.070759642482748e-39, 5.070759642482748e-39, 5.070759642482748e-39, 5.070759642482748e-39, 5.070759642482748e-39, 5.070759642482748e-39, 5.070759642482748e-39, 5.070759642482748e-39, 5.070759642482748e-39, 5.070759642482748e-39, 5.070759642482748e-39, 5.070759642482748e-39, 5.070759642482748e-39, 5.070759642482748e-39, 5.070759642482748e-39, nan, nan, nan, nan, nan, nan, nan, nan, nan, nan, nan, nan, nan, nan, nan, nan, nan, nan, nan, nan, nan, nan, 3.501315171528203e-39, 5.1629552723460706e-39, 5.1629552723460706e-39, 5.1629552723460706e-39, 5.1629552723460706e-39, 5.1629552723460706e-39, 5.1629552723460706e-39, 5.1629552723460706e-39, 5.1629552723460706e-39, 5.1629552723460706e-39, 5.070759642482748e-39, 5.070759642482748e-39, 5.070759642482748e-39, 5.070759642482748e-39, 5.070759642482748e-39, 5.070759642482748e-39, 5.070759642482748e-39, 5.070759642482748e-39, 5.070759642482748e-39, 5.070759642482748e-39, 5.070759642482748e-39, 5.070759642482748e-39, 5.070759642482748e-39, 5.070759642482748e-39, 5.070759642482748e-39, 5.070759642482748e-39, 5.070759642482748e-39, 5.070759642482748e-39, 5.070759642482748e-39, 5.070759642482748e-39, 5.070759642482748e-39, 5.070759642482748e-39, 5.070759642482748e-39, 5.070759642482748e-39, 5.070759642482748e-39, 5.070759642482748e-39, 5.070759642482748e-39, 5.070759642482748e-39, nan, nan, nan, nan, nan, nan, nan, nan, nan, nan, nan, nan, nan, nan, nan, nan, nan, nan, nan, nan, nan, nan, 5.614967914087934e-39, 5.1629552723460706e-39, 5.1629552723460706e-39, 5.1629552723460706e-39, 5.1629552723460706e-39, 5.1629552723460706e-39, 5.1629552723460706e-39, 5.1629552723460706e-39, 5.1629552723460706e-39, 5.1629552723460706e-39, 5.1629552723460706e-39, 5.070759642482748e-39, 5.070759642482748e-39, 5.070759642482748e-39, 5.070759642482748e-39, 5.070759642482748e-39, 5.070759642482748e-39, 5.070759642482748e-39, 5.070759642482748e-39, 5.070759642482748e-39, 5.070759642482748e-39, 5.070759642482748e-39, 5.070759642482748e-39, 5.070759642482748e-39, 5.070759642482748e-39, 5.070759642482748e-39, 5.070759642482748e-39, 5.070759642482748e-39, 5.070759642482748e-39, 5.070759642482748e-39, 5.070759642482748e-39, 5.070759642482748e-39, 5.070759642482748e-39, 5.070759642482748e-39, 5.070759642482748e-39, 5.070759642482748e-39, 5.070759642482748e-39, 5.070759642482748e-39, 1.641082211567144e-38, 1.641082211567144e-38, 1.641082211567144e-38, 1.641082211567144e-38, 1.641082211567144e-38, 1.641082211567144e-38, 1.641082211567144e-38, 1.641082211567144e-38, 1.641082211567144e-38, 1.641082211567144e-38, 1.641082211567144e-38, 1.641082211567144e-38, 1.641082211567144e-38, 1.641082211567144e-38, 1.641082211567144e-38, 1.641082211567144e-38, 4.239590668756197e-39, 3.412353738520542e-39, 3.963728250472285e-39, 3.317284045506889e-39, 4.515460093532431e-39, 4.524083684281886e-39, 3.688192334730561e-39, 5.1629552723460706e-39, 5.1629552723460706e-39, 5.1629552723460706e-39, 5.1629552723460706e-39, 5.1629552723460706e-39, 5.1629552723460706e-39, 5.1629552723460706e-39, 5.1629552723460706e-39, 5.1629552723460706e-39, 5.1629552723460706e-39, 5.1629552723460706e-39, 5.070759642482748e-39, 5.070759642482748e-39, 5.070759642482748e-39, 5.070759642482748e-39, 5.070759642482748e-39, 5.070759642482748e-39, 5.070759642482748e-39, 5.070759642482748e-39, 5.070759642482748e-39, 5.070759642482748e-39, 5.070759642482748e-39, 5.070759642482748e-39, 5.070759642482748e-39, 5.070759642482748e-39, 5.070759642482748e-39, 5.070759642482748e-39, 5.070759642482748e-39, 5.070759642482748e-39, 5.070759642482748e-39, 5.070759642482748e-39, 5.070759642482748e-39, 5.070759642482748e-39, 5.070759642482748e-39, 5.070759642482748e-39, 5.070759642482748e-39, 5.070759642482748e-39, 5.1629552723460706e-39, 5.1629552723460706e-39, 5.1629552723460706e-39, 5.1629552723460706e-39, 5.1629552723460706e-39, 5.1629552723460706e-39, 5.1629552723460706e-39, 5.1629552723460706e-39, 5.1629552723460706e-39, 5.1629552723460706e-39, 5.1629552723460706e-39, 5.1629552723460706e-39, 5.1629552723460706e-39, 5.1629552723460706e-39, 5.1629552723460706e-39, 5.1629552723460706e-39, 5.1629552723460706e-39, 5.1629552723460706e-39, 5.1629552723460706e-39, 5.1629552723460706e-39, 5.1629552723460706e-39, 5.1629552723460706e-39, 5.1629552723460706e-39, 5.1629552723460706e-39, 5.1629552723460706e-39, 5.1629552723460706e-39, 5.1629552723460706e-39, 5.1629552723460706e-39, 5.1629552723460706e-39, 5.1629552723460706e-39, 5.1629552723460706e-39, 5.1629552723460706e-39, 5.1629552723460706e-39, 5.1629552723460706e-39, 5.070759642482748e-39, 5.070759642482748e-39, 5.070759642482748e-39, 5.070759642482748e-39, 5.070759642482748e-39, 5.070759642482748e-39, 5.070759642482748e-39, 5.070759642482748e-39, 5.070759642482748e-39, 5.070759642482748e-39, 5.070759642482748e-39, 5.070759642482748e-39, 5.070759642482748e-39, 5.070759642482748e-39, 5.070759642482748e-39, 5.070759642482748e-39, 5.070759642482748e-39, 5.070759642482748e-39, 5.070759642482748e-39, 5.070759642482748e-39, 5.070759642482748e-39, 5.070759642482748e-39, 5.070759642482748e-39, 5.070759642482748e-39, 5.070759642482748e-39, 5.070759642482748e-39, 5.1629552723460706e-39, 5.1629552723460706e-39, 5.1629552723460706e-39, 5.1629552723460706e-39, 5.1629552723460706e-39, 5.1629552723460706e-39, 5.1629552723460706e-39, 5.1629552723460706e-39, 5.1629552723460706e-39, 5.1629552723460706e-39, 5.1629552723460706e-39, 5.1629552723460706e-39, 5.1629552723460706e-39, 5.1629552723460706e-39, 5.1629552723460706e-39, 5.1629552723460706e-39, 5.1629552723460706e-39, 5.1629552723460706e-39, 5.1629552723460706e-39, 5.1629552723460706e-39, 5.1629552723460706e-39, 5.1629552723460706e-39, 5.1629552723460706e-39, 5.1629552723460706e-39, 5.1629552723460706e-39, 5.1629552723460706e-39, 5.1629552723460706e-39, 5.1629552723460706e-39, 5.1629552723460706e-39, 5.1629552723460706e-39, 5.1629552723460706e-39, 5.1629552723460706e-39, 5.1629552723460706e-39, 5.1629552723460706e-39, 5.1629552723460706e-39, 5.070759642482748e-39, 5.070759642482748e-39, 5.070759642482748e-39, 5.070759642482748e-39, 5.070759642482748e-39, 5.070759642482748e-39, 5.070759642482748e-39, 5.070759642482748e-39, 5.070759642482748e-39, 5.070759642482748e-39, 5.070759642482748e-39, 5.070759642482748e-39, 5.070759642482748e-39, 5.070759642482748e-39, 5.070759642482748e-39, 5.070759642482748e-39, 5.070759642482748e-39, 5.070759642482748e-39, 5.070759642482748e-39, 5.070759642482748e-39, 5.070759642482748e-39, 5.070759642482748e-39, 5.070759642482748e-39, 5.070759642482748e-39, 5.070759642482748e-39, 5.1629552723460706e-39, 5.1629552723460706e-39, 5.1629552723460706e-39, 5.1629552723460706e-39, 5.1629552723460706e-39, 5.1629552723460706e-39, 5.1629552723460706e-39, 5.1629552723460706e-39, 5.1629552723460706e-39, 5.1629552723460706e-39, 5.1629552723460706e-39, 5.1629552723460706e-39, 5.1629552723460706e-39, 5.1629552723460706e-39, 5.1629552723460706e-39, 5.1629552723460706e-39, 5.1629552723460706e-39, 5.1629552723460706e-39, 5.1629552723460706e-39, 5.1629552723460706e-39, 5.1629552723460706e-39, 5.1629552723460706e-39, 5.1629552723460706e-39, 5.1629552723460706e-39, 5.1629552723460706e-39, 5.1629552723460706e-39, 5.1629552723460706e-39, 5.1629552723460706e-39, 5.1629552723460706e-39, 5.1629552723460706e-39, 5.1629552723460706e-39, 5.1629552723460706e-39, 5.1629552723460706e-39, 5.1629552723460706e-39, 5.070759642482748e-39, 5.070759642482748e-39, 5.070759642482748e-39, 5.070759642482748e-39, 5.070759642482748e-39, 5.070759642482748e-39, 5.070759642482748e-39, 5.070759642482748e-39, 5.070759642482748e-39, 5.070759642482748e-39, 5.070759642482748e-39, 5.070759642482748e-39, 5.070759642482748e-39, 5.070759642482748e-39, 5.070759642482748e-39, 5.070759642482748e-39, 5.070759642482748e-39, 5.070759642482748e-39, 5.070759642482748e-39, 5.070759642482748e-39, 5.070759642482748e-39, 5.070759642482748e-39, 5.070759642482748e-39, 5.070759642482748e-39, 5.070759642482748e-39, 5.070759642482748e-39, 5.1629552723460706e-39, 5.1629552723460706e-39, 5.1629552723460706e-39, 5.1629552723460706e-39, 5.1629552723460706e-39, 5.1629552723460706e-39, 5.1629552723460706e-39, 5.1629552723460706e-39, 5.1629552723460706e-39, 5.1629552723460706e-39, 5.1629552723460706e-39, 5.1629552723460706e-39, 5.1629552723460706e-39, 5.1629552723460706e-39, 5.1629552723460706e-39, 5.1629552723460706e-39, 5.1629552723460706e-39, 5.1629552723460706e-39, 5.1629552723460706e-39, 5.1629552723460706e-39, 5.1629552723460706e-39, 5.1629552723460706e-39, 5.1629552723460706e-39, 5.1629552723460706e-39, 5.1629552723460706e-39, 5.1629552723460706e-39, 5.1629552723460706e-39, 5.1629552723460706e-39, 5.1629552723460706e-39, 5.1629552723460706e-39, 5.1629552723460706e-39, 5.1629552723460706e-39, 5.1629552723460706e-39, 5.1629552723460706e-39, 5.070759642482748e-39, 5.070759642482748e-39, 5.070759642482748e-39, 5.070759642482748e-39, 5.070759642482748e-39, 5.070759642482748e-39, 5.070759642482748e-39, 5.070759642482748e-39, 5.070759642482748e-39, 5.070759642482748e-39, 5.070759642482748e-39, 5.070759642482748e-39, 5.070759642482748e-39, 5.070759642482748e-39, 5.070759642482748e-39, 5.070759642482748e-39, 5.070759642482748e-39, 5.070759642482748e-39, 5.070759642482748e-39, 5.070759642482748e-39, 5.070759642482748e-39, 5.070759642482748e-39, 5.070759642482748e-39, 5.070759642482748e-39, 5.070759642482748e-39, 5.070759642482748e-39, 5.1629552723460706e-39, 5.1629552723460706e-39, 5.1629552723460706e-39, 5.1629552723460706e-39, 5.1629552723460706e-39, 5.1629552723460706e-39, 5.1629552723460706e-39, 5.1629552723460706e-39, 5.1629552723460706e-39, 5.1629552723460706e-39, 5.1629552723460706e-39, 5.1629552723460706e-39, 5.1629552723460706e-39, 5.1629552723460706e-39, 5.1629552723460706e-39, 5.1629552723460706e-39, 5.1629552723460706e-39, 5.1629552723460706e-39, 5.1629552723460706e-39, 5.1629552723460706e-39, 5.1629552723460706e-39, 5.1629552723460706e-39, 5.1629552723460706e-39, 5.1629552723460706e-39, 5.1629552723460706e-39, 5.1629552723460706e-39, 5.1629552723460706e-39, 5.1629552723460706e-39, 5.1629552723460706e-39, 5.1629552723460706e-39, 5.1629552723460706e-39, 5.1629552723460706e-39, 5.1629552723460706e-39, 5.1629552723460706e-39, 5.070759642482748e-39, 5.070759642482748e-39, 5.070759642482748e-39, 5.070759642482748e-39, 5.070759642482748e-39, 5.070759642482748e-39, 5.070759642482748e-39, 5.070759642482748e-39, 5.070759642482748e-39, 5.070759642482748e-39, 5.070759642482748e-39, 5.070759642482748e-39, 5.070759642482748e-39, 5.070759642482748e-39, 5.070759642482748e-39, 5.070759642482748e-39, 5.070759642482748e-39, 5.070759642482748e-39, 5.070759642482748e-39, 5.070759642482748e-39, 5.070759642482748e-39, 5.070759642482748e-39, 5.070759642482748e-39, 5.070759642482748e-39, 5.070759642482748e-39, 5.070759642482748e-39, 5.1629552723460706e-39, 5.1629552723460706e-39, 5.1629552723460706e-39, 5.1629552723460706e-39, 5.1629552723460706e-39, 5.1629552723460706e-39, 5.1629552723460706e-39, 5.1629552723460706e-39, 5.1629552723460706e-39, 5.1629552723460706e-39, 5.1629552723460706e-39, 5.1629552723460706e-39, 5.1629552723460706e-39, 5.1629552723460706e-39, 5.1629552723460706e-39, 5.1629552723460706e-39, 5.1629552723460706e-39, 5.1629552723460706e-39, 5.1629552723460706e-39, 5.1629552723460706e-39, 5.1629552723460706e-39, 5.1629552723460706e-39, 5.1629552723460706e-39, 5.1629552723460706e-39, 5.1629552723460706e-39, 5.1629552723460706e-39, 5.1629552723460706e-39, 5.1629552723460706e-39, 5.1629552723460706e-39, 5.1629552723460706e-39, 5.1629552723460706e-39, 5.1629552723460706e-39, 5.1629552723460706e-39, 5.1629552723460706e-39, 5.070759642482748e-39, 5.070759642482748e-39, 5.070759642482748e-39, 5.070759642482748e-39, 5.070759642482748e-39, 5.070759642482748e-39, 5.070759642482748e-39, 5.070759642482748e-39, 5.070759642482748e-39, 5.070759642482748e-39, 5.070759642482748e-39, 5.070759642482748e-39, 5.070759642482748e-39, 5.070759642482748e-39, 5.070759642482748e-39, 5.070759642482748e-39, 5.070759642482748e-39, 5.070759642482748e-39, 5.070759642482748e-39, 5.070759642482748e-39, 5.070759642482748e-39, 5.070759642482748e-39, 5.070759642482748e-39, 5.070759642482748e-39, 5.070759642482748e-39, 5.070759642482748e-39, 5.1629552723460706e-39, 5.1629552723460706e-39, 5.070761043781212e-39, 5.1629552723460706e-39, 5.1629552723460706e-39, 5.1629552723460706e-39, 5.1629552723460706e-39, 5.1629552723460706e-39, 5.1629552723460706e-39, 5.1629552723460706e-39, 5.1629552723460706e-39, 5.1629552723460706e-39, 5.1629552723460706e-39, 5.1629552723460706e-39, 5.1629552723460706e-39, 5.1629552723460706e-39, 5.1629552723460706e-39, 5.1629552723460706e-39, 5.1629552723460706e-39, 5.1629552723460706e-39, 5.1629552723460706e-39, 5.1629552723460706e-39, 5.1629552723460706e-39, 5.1629552723460706e-39, 5.1629552723460706e-39, 5.1629552723460706e-39, 5.1629552723460706e-39, 5.1629552723460706e-39, 5.1629552723460706e-39, 5.1629552723460706e-39, 5.1629552723460706e-39, 5.1629552723460706e-39, 5.1629552723460706e-39, 5.1629552723460706e-39, 5.070759642482748e-39, 5.070759642482748e-39, 5.070759642482748e-39, 5.070759642482748e-39, 5.070759642482748e-39, 5.070759642482748e-39, 5.070759642482748e-39, 5.070759642482748e-39, 5.070759642482748e-39, 5.070759642482748e-39, 5.070759642482748e-39, 5.070759642482748e-39, 5.070759642482748e-39, 5.070759642482748e-39, 5.070759642482748e-39, 5.070759642482748e-39, 5.070759642482748e-39, 5.070759642482748e-39, 5.070759642482748e-39, 5.070759642482748e-39, 5.070759642482748e-39, 5.070759642482748e-39, 5.070759642482748e-39, 5.070759642482748e-39, 5.070759642482748e-39, 5.070759642482748e-39, 1.2990611296661427e-39, 1.3916154919363326e-39, 1.3912581608279298e-39, 2.0362660348673928e-39, 4.42792097846606e-39, 5.1629552723460706e-39, 5.1629552723460706e-39, 5.1629552723460706e-39, 5.1629552723460706e-39, 5.1629552723460706e-39, 5.1629552723460706e-39, 5.1629552723460706e-39, 5.1629552723460706e-39, 5.1629552723460706e-39, 5.1629552723460706e-39, 5.1629552723460706e-39, 5.1629552723460706e-39, 5.1629552723460706e-39, 5.1629552723460706e-39, 5.1629552723460706e-39, 5.1629552723460706e-39, 5.1629552723460706e-39, 5.1629552723460706e-39, 5.1629552723460706e-39, 5.1629552723460706e-39, 5.1629552723460706e-39, 5.1629552723460706e-39, 5.1629552723460706e-39, 5.1629552723460706e-39, 5.1629552723460706e-39, 5.1629552723460706e-39, 5.1629552723460706e-39, 5.1629552723460706e-39, 5.1629552723460706e-39, 5.070759642482748e-39, 5.070759642482748e-39, 5.070759642482748e-39, 5.070759642482748e-39, 5.070759642482748e-39, 5.070759642482748e-39, 5.070759642482748e-39, 5.070759642482748e-39, 5.070759642482748e-39, 5.070759642482748e-39, 5.070759642482748e-39, 5.070759642482748e-39, 5.070759642482748e-39, 5.070759642482748e-39, 5.070759642482748e-39, 5.070759642482748e-39, 5.070759642482748e-39, 5.070759642482748e-39, 5.070759642482748e-39, 5.070759642482748e-39, 5.070759642482748e-39, 5.070759642482748e-39, 5.070759642482748e-39, 5.070759642482748e-39, 5.070759642482748e-39, 5.070759642482748e-39, 2.4990392475168063e-39, 3.419915145034039e-39, 3.696140499620211e-39, 3.972005720501052e-39, 3.971285453090389e-39, 3.9716455867957204e-39, 5.1629552723460706e-39, 5.1629552723460706e-39, 5.1629552723460706e-39, 5.1629552723460706e-39, 5.1629552723460706e-39, 3.5074122211464804e-39, 1.2997813970768057e-39, 1.2997813970768057e-39, 2.2235355616397613e-39, 1.668207986720158e-39, 1.5767326242674982e-39, 1.4838167269935126e-39, 1.4834579945866454e-39, 1.946231207236059e-39, 1.9462298059375946e-39, 1.6707247187620853e-39, 1.8540355773727363e-39, 2.0384268370993816e-39, 2.1309811993695715e-39, 1.9462326085345233e-39, 5.1629552723460706e-39, 2.2231768292328942e-39, 2.0380667033940502e-39, 2.2231768292328942e-39, 2.406849222847341e-39, 5.1629552723460706e-39, 5.1629552723460706e-39, 4.059499994016565e-39, 5.070759642482748e-39, 5.070759642482748e-39, 5.070759642482748e-39, 4.6112262318828534e-39, 4.794897224198836e-39, 5.070759642482748e-39, 5.070759642482748e-39, 5.070759642482748e-39, 5.070759642482748e-39, 5.070759642482748e-39, 5.070759642482748e-39, 5.070759642482748e-39, 5.070759642482748e-39, 5.070759642482748e-39, 5.070759642482748e-39, 5.070759642482748e-39, 5.070759642482748e-39, 3.513919851214805e-39, 3.4220843550568136e-39, 3.145857599172177e-39, 2.8696322445860047e-39, 2.8699923782913362e-39, 2.8696322445860047e-39, 2.777436614722682e-39, 2.6848822524524922e-39, 2.130992409757286e-39, nan, nan, nan, nan, nan, 4.708486154396246e-39, 5.1629552723460706e-39, 5.1629552723460706e-39, 5.1629552723460706e-39, 2.6798193611008866e-39, 1.3919742243431997e-39, 1.2075871685119473e-39, 1.2072270348066159e-39, 1.207585767213483e-39, 1.2997813970768057e-39, nan, nan, nan, nan, nan, nan, nan, nan, nan, nan, nan, nan, nan, nan, nan, nan, nan, nan, 2.4072051526572794e-39, 2.4061261528397493e-39, 2.8667441684510313e-39, 2.958578263310558e-39, 3.511389106188234e-39, 4.063479681655247e-39, 4.4319020674032065e-39, 4.98507164268775e-39, 4.98507164268775e-39, 4.8921571467122284e-39, 4.9850702413892854e-39, 4.4322593985116094e-39, 4.525183703576381e-39, 4.249680017699336e-39, 4.158566190250472e-39, 3.9738161981169595e-39, 3.8823408356643e-39, 3.698309709642986e-39, nan, nan, nan, nan, nan, nan, nan, nan, nan, nan, nan, nan, 4.7030617280408446e-39, 5.1629552723460706e-39, 4.984711508982418e-39, 4.33500367989361e-39, 1.3001415307821372e-39, 1.2994226646699385e-39, 1.2994226646699385e-39, 1.2997813970768057e-39, 1.3008603968943358e-39, 1.3923371606454599e-39, nan, nan, nan, nan, nan, nan, nan, nan, nan, nan, nan, nan, nan, nan, nan, nan, nan, nan, nan, nan, nan, nan, nan, nan, nan, nan, nan, nan, nan, nan, nan, nan, nan, nan, nan, nan, nan, nan, nan, nan, nan, nan, nan, nan, nan, nan, nan, nan, 5.1629552723460706e-39, 3.7829159070235253e-39, 2.6798193611008866e-39, 1.3926944917538627e-39, 1.3001415307821372e-39, 1.2997813970768057e-39, 1.2994226646699385e-39, 1.2072284361050802e-39, 1.208306034624146e-39, nan, nan, nan, nan, nan, nan, nan, nan, nan, nan, nan, nan, nan, nan, nan, nan, nan, nan, nan, nan, nan, nan, nan, nan, nan, nan, nan, nan, nan, nan, nan, nan, nan, nan, nan, nan, nan, nan, nan, nan, nan, nan, nan, nan, nan, nan, nan, nan, nan, nan, 1.1150314049432932e-39, 5.1629552723460706e-39, 1.3001415307821372e-39, 1.3926944917538627e-39, 1.2072270348066159e-39, 1.2072270348066159e-39, 1.1150342075402218e-39, 1.2075885698104117e-39, nan, nan, nan, nan, nan, nan, nan, nan, nan, nan, nan, nan, nan, nan, nan, nan, nan, nan, nan, nan, nan, nan, nan, nan, nan, nan, nan, nan, nan, nan, nan, nan, nan, nan, nan, nan, nan, nan, nan, nan, nan, nan, nan, nan, nan, nan, nan, nan, nan, nan, nan, nan, 1.2994226646699385e-39, 1.1146740738348903e-39, 1.1146740738348903e-39, 1.1146740738348903e-39, 1.2065109712913459e-39, 1.208306034624146e-39, nan, nan, nan, nan, nan, nan, nan, nan, nan, nan, nan, nan, nan, nan, nan, nan, nan, nan, nan, nan, nan, nan, nan, nan, nan, nan, nan, nan, nan, nan, nan, nan, nan, nan, nan, nan, nan, nan, nan, nan, nan, nan, nan, nan, nan, nan, nan, nan, nan, nan, nan, nan, nan, nan, 1.0224784439715676e-39, 1.1143153414280232e-39, 1.2075871685119473e-39, 1.3005016644874687e-39, nan, nan, nan, nan, nan, nan, nan, nan, nan, nan, nan, nan, nan, nan, nan, nan, nan, nan, nan, nan, nan, nan, nan, nan, nan, nan, nan, nan, nan, nan, nan, nan, nan, nan, nan, nan, nan, nan, nan, nan, nan, nan, nan, nan, nan, nan, nan, nan, nan, nan, nan, nan, nan, nan, nan, nan, 1.1146740738348903e-39, 1.1157516723539561e-39, nan, nan, nan, nan, nan, nan, nan, nan, nan, nan, nan, nan, nan, nan, nan, nan, nan, nan, nan, nan, nan, nan, nan, nan, nan, nan, nan, nan, nan, nan, nan, nan, nan, nan, nan, nan, nan, nan, nan, nan, nan, nan, nan, nan, nan, nan, nan, nan, nan, nan, nan, nan, nan, nan, nan, nan, nan, nan, nan, nan, nan, nan, nan, nan, nan, nan, nan, nan, nan, nan, nan, nan, nan, nan, nan, nan, nan, nan, nan, nan, nan, nan, nan, nan, nan, nan, nan, nan, nan, nan, nan, nan, nan, nan, nan, nan, nan, nan, nan, nan, nan, nan, nan, nan, nan, nan, nan, nan, nan, nan, nan, nan, nan, nan, nan, nan, nan, nan, nan, nan, nan, nan, nan, nan, nan, nan, nan, nan, nan, nan, nan, nan, nan, nan, nan, nan, nan, nan, nan, nan, nan, nan, nan, nan, nan, nan, nan, nan, nan, nan, nan, nan, nan, nan, nan, nan, nan, nan, nan, nan, nan, nan, nan, nan, nan, nan, nan, nan, nan, nan, nan, nan, nan, nan, nan, nan, nan, nan, nan, nan, nan, nan, nan, nan, nan, nan, nan, nan, nan, nan, nan, nan, nan, nan, nan, nan, nan, nan, nan, nan, nan, nan, nan, nan, nan, nan, nan, nan, nan, nan, nan, nan, nan, nan, nan, nan, nan, nan, nan, nan, nan, nan, nan, nan, nan, nan, nan, nan, nan, nan, nan, nan, nan, nan, nan, nan, nan, nan, nan, nan, nan, nan, nan, nan, nan, nan, nan, nan, nan, nan, nan, nan, nan, nan, nan, nan, nan, nan, nan, nan, nan, nan, nan, nan, nan, nan, nan, nan, nan, nan, nan, nan, nan, nan, nan, nan, nan, nan, nan, nan, nan, nan, nan, nan, nan, nan, nan, nan, nan, nan, nan, nan, nan, nan, nan, nan, nan, nan, nan, nan, nan, nan, nan, nan, nan, nan, nan, nan, nan, nan, nan, nan, nan, nan, nan, nan, nan, nan, nan, nan, nan, nan, nan, nan, nan, nan, nan, nan, nan, nan, nan, nan, nan, nan, nan, nan, nan, nan, nan, nan, nan, nan, nan, nan, nan, nan, nan, nan, nan, nan, nan, nan, nan, nan, nan, nan, nan, nan, nan, nan, nan, nan, nan, nan, nan, nan, nan, nan, nan, nan, nan, nan, nan, nan, nan, nan, nan, nan, nan, nan, nan, nan, nan, nan, nan, nan, nan, nan, nan, nan, nan, nan, nan, nan, nan, nan, nan, nan, nan, nan, nan, nan, nan, nan, nan, nan, nan, nan, nan, nan, nan, nan, nan, nan, nan, nan, nan, nan, nan, nan, nan, nan, nan, nan, nan, nan, nan, nan, nan, nan, nan, nan, nan, nan, nan, nan, nan, nan, nan, nan, nan, nan, nan, nan, nan, nan, nan, nan, nan, nan, nan, nan, nan, nan, nan, nan, nan, nan, nan, nan, nan, nan, nan, nan, nan, nan, nan, nan, nan, nan, nan, nan, nan, nan, nan, nan, nan, nan, nan, nan, nan, nan, nan, nan, nan, nan, nan, nan, nan, nan, nan, nan, nan, nan, nan, nan, nan, nan, nan, nan, nan, nan, nan, nan, nan, nan, nan, nan, nan, nan, nan, nan, nan, nan, nan, nan, nan, nan, nan, nan, nan, nan, nan, nan, nan, nan, nan, nan, nan, nan, nan, nan, nan, nan, nan, nan, nan, nan, nan, nan, nan, nan, nan, nan, nan, nan, nan, nan, nan, nan, nan, nan, nan, nan, nan, nan, nan, nan, nan, nan, nan, nan, nan, nan, nan, nan, nan, nan, nan, nan, nan, nan, nan, nan, nan, nan, nan, nan, nan, nan, nan, nan, nan, nan, nan, nan, nan, nan, nan, nan, nan, nan, nan, nan, nan, nan, nan, nan, nan, nan, nan, nan, nan, nan, nan, nan, nan, nan, nan, nan, nan, nan, nan, nan, nan, nan, nan, nan, nan, nan, nan, nan, nan, nan, nan, nan, nan, nan, nan, nan, nan, nan, nan, nan, nan, nan, nan, nan, nan, nan, nan, nan, nan, nan, nan, nan, nan, nan, nan, nan, nan, nan, nan, nan, nan, nan, nan, nan, nan, nan, nan, nan, nan, nan, nan, nan, nan, nan, nan, nan, nan, nan, nan, nan, nan, nan, nan, nan, nan, nan, nan, nan, nan, nan, nan, nan, nan, nan, nan, nan, nan, nan, nan, nan, nan, nan, nan, nan, nan, nan, nan, nan, nan, nan, nan, nan, nan, nan, nan, nan, nan, nan, nan, nan, nan, nan, nan, nan, nan, nan, nan, nan, nan, nan, nan, nan, nan, nan, nan, nan, nan, nan, nan, nan, nan, nan, nan, nan, nan, nan, nan, nan, nan, nan, nan, nan, nan, nan, nan, nan, nan, nan, nan, nan, nan, nan, nan, nan, nan, nan, nan, nan, nan, nan, nan, nan, nan, nan, nan, nan, nan, nan, nan, nan, nan, nan, nan, nan, nan, nan, nan, nan, nan, nan, nan, nan, nan, nan, nan, nan, nan, nan, nan, nan, nan, nan, nan, nan, nan, nan, nan, nan, nan, nan, nan, nan, nan, nan, nan, nan, nan, nan, nan, nan, nan, nan, nan, nan, nan, nan, nan, nan, nan, nan, nan, nan, nan, nan, nan, nan, nan, nan, nan, nan, nan, nan, nan, nan, nan, nan, nan, nan, nan, nan, nan, nan, nan, nan, nan, nan, nan, nan, nan, nan, nan, nan, nan, nan, nan, nan, nan, nan, nan, nan, nan, nan, nan, nan, nan, nan, nan, nan, nan, nan, nan, nan, nan, nan, nan, nan, nan, nan, nan, nan, nan, nan, nan, nan, nan, nan, nan, nan, nan, nan, nan, nan, nan, nan, nan, nan, nan, nan, nan, nan, nan, nan, nan, nan, nan, nan, nan, nan, nan, nan, nan, nan, nan, nan, nan, nan, nan, nan, nan, nan, nan, nan, nan, nan, nan, nan, nan, nan, nan, nan, nan, nan, nan, nan, nan, nan, nan, nan, nan, nan, nan, nan, nan, nan, nan, nan, nan, nan, nan, nan, nan, nan, nan, nan, nan, nan, nan, nan, nan, nan, nan, nan, nan, nan, nan, nan, nan, nan, nan, nan, nan, nan, nan, nan, nan, nan, nan, nan, nan, nan, nan, nan, nan, nan, nan, nan, nan, nan, nan, nan, nan, nan, nan, nan, nan, nan, nan, nan, nan, nan, nan, nan, nan, nan, nan, 5.070759642482748e-39, 5.070759642482748e-39, 5.070759642482748e-39, 5.070759642482748e-39, 5.070759642482748e-39, 3.78002082439623e-39, 5.070759642482748e-39, 5.070759642482748e-39, 5.070759642482748e-39, nan, nan, nan, nan, nan, nan, nan, nan, nan, nan, nan, nan, nan, nan, nan, nan, nan, nan, nan, nan, nan, nan, 2.3974941542995084e-39, 2.395658453311243e-39, 5.1629552723460706e-39, 5.070759642482748e-39, 5.070759642482748e-39, 5.070759642482748e-39, 5.070759642482748e-39, 5.070759642482748e-39, 5.070759642482748e-39, 5.070759642482748e-39, 5.070759642482748e-39, 5.070759642482748e-39, 5.070759642482748e-39, 5.070759642482748e-39, 5.070759642482748e-39, 5.070759642482748e-39, 5.070759642482748e-39, 5.070759642482748e-39, 5.070759642482748e-39, 5.070759642482748e-39, 5.070759642482748e-39, 5.070759642482748e-39, 5.070759642482748e-39, 5.070759642482748e-39, 5.070759642482748e-39, 3.503433934806262e-39, 5.070759642482748e-39, 5.070759642482748e-39, 5.070759642482748e-39, 5.070759642482748e-39, 5.070759642482748e-39, 5.070759642482748e-39, 5.070759642482748e-39, 4.3331946035761664e-39, 5.070759642482748e-39, 5.070759642482748e-39, 5.070759642482748e-39, 5.070759642482748e-39, nan, nan, nan, nan, nan, nan, nan, nan, nan, nan, nan, nan, nan, nan, nan, nan, nan, nan, nan, nan, nan, nan, 2.6755145722184808e-39, 3.5920422406009134e-39, 5.1629552723460706e-39, 5.1629552723460706e-39, 5.070759642482748e-39, 5.070759642482748e-39, 5.070759642482748e-39, 5.070759642482748e-39, 5.070759642482748e-39, 5.070759642482748e-39, 5.070759642482748e-39, 5.070759642482748e-39, 5.070759642482748e-39, 5.070759642482748e-39, 5.070759642482748e-39, 5.070759642482748e-39, 5.070759642482748e-39, 5.070759642482748e-39, 5.070759642482748e-39, 5.070759642482748e-39, 5.070759642482748e-39, 5.070759642482748e-39, 5.070759642482748e-39, 5.070759642482748e-39, 4.8863683827561025e-39, 5.070759642482748e-39, 5.070759642482748e-39, 5.070759642482748e-39, 5.070759642482748e-39, 5.070759642482748e-39, 5.070759642482748e-39, 5.070759642482748e-39, 4.0566077139861983e-39, 5.070759642482748e-39, 5.070759642482748e-39, 5.070759642482748e-39, 5.070759642482748e-39, 5.070759642482748e-39, nan, nan, nan, nan, nan, nan, nan, nan, nan, nan, nan, nan, nan, nan, nan, nan, nan, nan, nan, nan, nan, nan, 7.73901688995449e-39, 4.790222492521848e-39, 5.1629552723460706e-39, 5.1629552723460706e-39, 5.070759642482748e-39, 5.070759642482748e-39, 5.070759642482748e-39, 5.070759642482748e-39, 5.070759642482748e-39, 5.070759642482748e-39, 5.070759642482748e-39, 5.070759642482748e-39, 5.070759642482748e-39, 5.070759642482748e-39, 5.070759642482748e-39, 5.070759642482748e-39, 5.070759642482748e-39, 5.070759642482748e-39, 5.070759642482748e-39, 5.070759642482748e-39, 5.070759642482748e-39, 5.070759642482748e-39, 5.070759642482748e-39, 5.070759642482748e-39, 3.595629564669585e-39, 5.070759642482748e-39, 5.070759642482748e-39, 5.070759642482748e-39, 5.070759642482748e-39, 5.070759642482748e-39, 5.070759642482748e-39, 4.701977123029457e-39, 5.070759642482748e-39, 5.070759642482748e-39, 5.070759642482748e-39, 5.070759642482748e-39, 5.070759642482748e-39, 5.070759642482748e-39, nan, nan, nan, nan, nan, nan, nan, nan, nan, nan, nan, nan, nan, nan, nan, nan, nan, nan, nan, nan, nan, nan, 3.6878672334868373e-39, 2.8681608811984637e-39, 3.96369742190607e-39, 5.1629552723460706e-39, 5.070759642482748e-39, 5.070759642482748e-39, 5.070759642482748e-39, 5.070759642482748e-39, 5.070759642482748e-39, 5.070759642482748e-39, 5.070759642482748e-39, 5.070759642482748e-39, 5.070759642482748e-39, 5.070759642482748e-39, 5.070759642482748e-39, 5.070759642482748e-39, 5.070759642482748e-39, 5.070759642482748e-39, 5.070759642482748e-39, 5.070759642482748e-39, 5.070759642482748e-39, 5.070759642482748e-39, 5.070759642482748e-39, 3.78002082439623e-39, 5.070759642482748e-39, 5.070759642482748e-39, 5.070759642482748e-39, 5.070759642482748e-39, 5.070759642482748e-39, 5.070759642482748e-39, 4.0566077139861983e-39, 5.070759642482748e-39, 5.070759642482748e-39, 5.070759642482748e-39, 5.070759642482748e-39, 5.070759642482748e-39, 5.070759642482748e-39, 5.070759642482748e-39, nan, nan, nan, nan, nan, nan, nan, nan, nan, nan, nan, nan, nan, nan, nan, nan, nan, nan, nan, nan, nan, nan, 2.21165675455768e-39, 2.959996377356455e-39, 4.886371185353031e-39, 5.1629552723460706e-39, 5.070759642482748e-39, 5.070759642482748e-39, 5.070759642482748e-39, 5.070759642482748e-39, 5.070759642482748e-39, 5.070759642482748e-39, 5.070759642482748e-39, 5.070759642482748e-39, 5.070759642482748e-39, 5.070759642482748e-39, 5.070759642482748e-39, 5.070759642482748e-39, 5.070759642482748e-39, 5.070759642482748e-39, 5.070759642482748e-39, 5.070759642482748e-39, 5.070759642482748e-39, 5.070759642482748e-39, 4.978564012619425e-39, 4.8863683827561025e-39, 5.070759642482748e-39, 5.070759642482748e-39, 5.070759642482748e-39, 5.070759642482748e-39, 5.070759642482748e-39, 5.070759642482748e-39, 5.070759642482748e-39, 5.070759642482748e-39, 5.070759642482748e-39, 5.070759642482748e-39, 5.070759642482748e-39, 5.070759642482748e-39, 5.070759642482748e-39, 5.070759642482748e-39, nan, nan, nan, nan, nan, nan, nan, nan, nan, nan, nan, nan, nan, nan, nan, nan, nan, nan, nan, nan, nan, nan, 5.989456520887955e-39, 2.869237078419065e-39, 3.4188095205456865e-39, 5.1629552723460706e-39, 5.070759642482748e-39, 5.070759642482748e-39, 5.070759642482748e-39, 5.070759642482748e-39, 5.070759642482748e-39, 5.070759642482748e-39, 5.070759642482748e-39, 5.070759642482748e-39, 5.070759642482748e-39, 5.070759642482748e-39, 5.070759642482748e-39, 5.070759642482748e-39, 5.070759642482748e-39, 5.070759642482748e-39, 5.070759642482748e-39, 5.070759642482748e-39, 5.070759642482748e-39, 5.070759642482748e-39, 3.503433934806262e-39, 5.070759642482748e-39, 5.070759642482748e-39, 5.070759642482748e-39, 5.070759642482748e-39, 5.070759642482748e-39, 5.070759642482748e-39]
  - 
    layout: 
      dim: 
        - 
          label: "column_index"
          size: 60
          stride: 3600
        - 
          label: "row_index"
          size: 60
          stride: 60
      data_offset: 0
    data: [1.0200321674346924, 1.0201046466827393, 1.0200589895248413, 1.019993782043457, 0.6358967423439026, 0.040190570056438446, 0.04015263915061951, 0.040196798741817474, 0.040113285183906555, nan, nan, nan, nan, nan, nan, nan, nan, nan, nan, nan, nan, nan, nan, nan, nan, nan, nan, nan, nan, nan, nan, 1.155000925064087, 1.1401067972183228, 0.040183089673519135, 0.04016398638486862, 0.04017089307308197, 0.040176503360271454, 0.04016948491334915, 0.040199924260377884, 0.04015651345252991, 0.04015570133924484, 0.04013694450259209, 0.0401441864669323, 0.04013390839099884, 0.040136851370334625, 0.040188029408454895, 0.040184780955314636, 0.0402166023850441, 0.7602682113647461, 1.1498860120773315, 1.1114933490753174, 1.0200146436691284, 1.0200141668319702, 1.0199685096740723, 1.0199755430221558, 1.0199865102767944, 1.0199763774871826, 1.0200371742248535, 1.020045280456543, 1.019971251487732, 1.0200378894805908, 1.020133376121521, 1.020085096359253, 1.0200188159942627, 1.0199313163757324, 0.04017101228237152, 0.04015270993113518, 0.04032193496823311, 0.04028119891881943, nan, nan, nan, nan, nan, nan, nan, nan, nan, nan, nan, nan, nan, nan, nan, nan, nan, nan, nan, nan, nan, nan, 1.1042402982711792, 1.0744060277938843, 0.04017477110028267, 0.040156230330467224, 0.04014761000871658, 0.04015349596738815, 0.04015124961733818, 0.04019000381231308, 0.0402025431394577, 0.0401897132396698, 0.04017513617873192, 0.04018491506576538, 0.040164459496736526, 0.04013843089342117, 0.04013326019048691, 0.040123432874679565, 0.040133293718099594, 1.1538848876953125, 1.1605679988861084, 1.1528899669647217, 1.0200176239013672, 1.0200263261795044, 1.0199763774871826, 1.0199695825576782, 1.019982933998108, 1.0199841260910034, 1.0200412273406982, 1.0200526714324951, 1.0199878215789795, 0.040156543254852295, 0.04020124673843384, 0.04014319181442261, 1.0199038982391357, 1.0199023485183716, 0.040140412747859955, 0.04027775675058365, 0.04035712033510208, 0.04037816822528839, nan, nan, nan, nan, nan, nan, nan, nan, nan, nan, nan, nan, nan, nan, nan, nan, nan, nan, nan, nan, nan, nan, 1.0133754014968872, 0.9986673593521118, 0.04015692323446274, 0.04014752432703972, 0.04018300771713257, 0.04016317427158356, 0.04015107452869415, 0.04015068709850311, 0.04015154391527176, 0.040137626230716705, 0.04016895219683647, 0.040173403918743134, 0.040179215371608734, 0.04015552997589111, 0.04016724228858948, 0.04019615054130554, 0.04014819860458374, 1.1563642024993896, 1.161443829536438, 0.24358439445495605, 0.040078699588775635, 0.040077388286590576, 0.04010343551635742, 0.04013419151306152, 0.040103375911712646, 0.04016125202178955, 0.04018288850784302, 0.040209949016571045, 0.04015845060348511, 0.04019218683242798, 0.04019522666931152, 0.04016900062561035, 1.019927740097046, 1.0201122760772705, 0.04033622518181801, 0.04042894393205643, 0.040358155965805054, 0.04024443030357361, nan, nan, nan, nan, nan, nan, nan, nan, nan, nan, nan, nan, nan, nan, nan, nan, nan, nan, nan, nan, nan, nan, 0.968940258026123, 0.9638539552688599, 0.040162548422813416, 0.04015158489346504, 0.040138185024261475, 0.04014391452074051, 0.040123727172613144, 0.04015763849020004, 0.04014846682548523, 0.040147267282009125, 0.04012472182512283, 0.04014848917722702, 0.040151022374629974, 0.04016514867544174, 0.040189165621995926, 0.04020499438047409, 0.04016367346048355, 1.197295904159546, 1.2185730934143066, 0.3574278950691223, 0.04005992412567139, 0.040049195289611816, 0.04007542133331299, 0.040078043937683105, 0.040116846561431885, 0.04016381502151489, 0.040119051933288574, 0.04015851020812988, 0.04015761613845825, 0.04018217325210571, 0.0401839017868042, 0.04015392065048218, 1.020156979560852, 1.0201735496520996, 0.04040489345788956, 0.04035528749227524, 0.04021454602479935, 0.04008203744888306, nan, nan, nan, nan, nan, nan, nan, nan, nan, nan, nan, nan, nan, nan, nan, nan, nan, nan, nan, nan, nan, nan, 0.9591962695121765, 0.9571167826652527, 0.0401705726981163, 0.040160272270441055, 0.04015013575553894, 0.0401284396648407, 0.04015779495239258, 0.040151700377464294, 0.040151387453079224, 0.04014977440237999, 0.04012783616781235, 0.04014996439218521, 0.04016537219285965, 0.040147073566913605, 0.040147386491298676, 0.04016362875699997, 0.04019791632890701, 1.2431011199951172, 1.2516168355941772, 0.42711615562438965, 0.09636956453323364, 0.040051937103271484, 0.04005265235900879, 0.040052056312561035, 0.04013794660568237, 0.04013240337371826, 0.04017096757888794, 0.04018068313598633, 0.04017907381057739, 0.6360557079315186, 0.04015916585922241, 0.040220797061920166, 1.0201892852783203, 1.0201891660690308, 0.04024307057261467, 0.0401897206902504, 0.04015214368700981, 0.04008505493402481, nan, nan, nan, nan, nan, nan, nan, nan, nan, nan, nan, nan, nan, nan, nan, nan, nan, nan, nan, nan, nan, nan, 0.9580053091049194, 0.9504565596580505, 0.040165022015571594, 0.04018614441156387, 0.04016590118408203, 0.040165286511182785, 0.040151212364435196, 0.04014827683568001, 0.04016973078250885, 0.0401899591088295, 0.04015184938907623, 0.04014766216278076, 0.04016230255365372, 0.04015861451625824, 0.040197957307100296, 0.04016406089067459, 0.040161505341529846, 1.2517355680465698, 1.253626823425293, 0.436933696269989, 0.30898571014404297, 0.04006713628768921, 0.040050208568573, 0.040067195892333984, 0.04011261463165283, 0.040136873722076416, 0.040165066719055176, 0.9315115213394165, 0.6687357425689697, 0.6688156723976135, 0.04028964042663574, 0.04035079479217529, 1.0201752185821533, 1.0201290845870972, 0.04018966108560562, 0.04015791788697243, 0.04021579399704933, 0.04024001583456993, nan, nan, nan, nan, nan, nan, nan, nan, nan, nan, nan, nan, nan, nan, nan, nan, nan, nan, nan, nan, nan, nan, 0.9527522921562195, 0.9191673994064331, 0.04015776887536049, 0.04014679044485092, 0.04012054204940796, 0.040141038596630096, 0.04015364497900009, 0.040138982236385345, 0.04013810306787491, 0.040151648223400116, 0.04013853147625923, 0.0401211716234684, 0.040146604180336, 0.04015762358903885, 0.04015825688838959, 0.04017620533704758, 0.04014936834573746, 1.2253714799880981, 1.276539921760559, 1.223473072052002, 0.5474463105201721, 0.3366934061050415, 0.20763695240020752, 0.04006242752075195, 0.04006481170654297, 0.04006493091583252, 0.04013669490814209, 0.6686711311340332, 0.810774564743042, 0.9316385984420776, 0.6361638307571411, 0.6688889265060425, 1.020115852355957, 1.019965410232544, 0.040226470679044724, 0.040284331887960434, 0.040280476212501526, 0.040229566395282745, nan, nan, nan, nan, nan, nan, nan, nan, nan, nan, nan, nan, nan, nan, nan, nan, nan, nan, nan, nan, nan, nan, 0.8523907661437988, 0.8374059796333313, 0.04015454649925232, 0.04014192521572113, 0.040142856538295746, 0.04012179374694824, 0.04012104868888855, 0.04014001786708832, 0.0401419997215271, 0.04016876593232155, 0.040179938077926636, 0.04017265886068344, 0.04012993723154068, 0.04013354703783989, 0.040158942341804504, 0.04015456885099411, 0.0402136892080307, 0.7335567474365234, 1.281021237373352, 1.288640022277832, 1.2819231748580933, 1.1170369386672974, 0.36251556873321533, 0.1841852068901062, 0.04006481170654297, 0.040064334869384766, 0.04013949632644653, 0.6359715461730957, 0.6687623262405396, 0.07466351985931396, 0.9736418724060059, 1.0066200494766235, 1.0548642873764038, 1.042356014251709, 0.04024333506822586, 0.04022374749183655, 0.04017306864261627, 0.04011289030313492, nan, nan, nan, nan, nan, nan, nan, nan, nan, nan, nan, nan, nan, nan, nan, nan, nan, nan, nan, nan, nan, nan, 0.8047772645950317, 0.789600133895874, 0.04020105302333832, 0.04014179855585098, 0.040141843259334564, 0.040156252682209015, 0.04014378786087036, 0.04012218862771988, 0.04012252390384674, 0.04014190658926964, 0.040153924375772476, 0.040145646780729294, 0.04014977812767029, 0.04014672338962555, 0.04013149440288544, 0.04016295075416565, 0.04017367213964462, 0.5348501801490784, 1.119632601737976, 1.281809687614441, 1.251851201057434, 1.2143471240997314, 1.1561671495437622, 0.42129313945770264, 0.24108272790908813, 0.1850544810295105, 0.0747634768486023, 0.07474470138549805, 0.07466483116149902, 1.0547494888305664, 1.0548285245895386, 1.055065393447876, 1.0550062656402588, 1.0517911911010742, 0.040160685777664185, 0.04019927978515625, 0.04020623117685318, 0.04021265730261803, nan, nan, nan, nan, nan, nan, nan, nan, nan, nan, nan, nan, nan, nan, nan, nan, nan, nan, nan, nan, nan, nan, 0.8265740275382996, 0.8063021302223206, 0.040148377418518066, 0.04015413671731949, 0.04017380625009537, 0.0401548407971859, 0.040153078734874725, 0.04015124589204788, 0.040141910314559937, 0.04012752324342728, 0.040125418454408646, 0.04013291746377945, 0.04015623778104782, 0.04014859348535538, 0.040111638605594635, 0.04016278684139252, 0.0401262491941452, 0.7803075909614563, 0.8367835283279419, 0.7802314758300781, 0.7400713562965393, 1.2259060144424438, 1.2284961938858032, 1.223226547241211, 1.1607751846313477, 1.154101014137268, 1.0550343990325928, 1.054960012435913, 1.0548429489135742, 1.054819941520691, 1.0548263788223267, 1.0550072193145752, 1.0549851655960083, 0.691082775592804, 0.040181584656238556, 0.040231458842754364, 0.040248528122901917, 0.040202546864748, nan, nan, nan, nan, nan, nan, nan, nan, nan, nan, nan, nan, nan, nan, nan, nan, nan, nan, nan, nan, nan, nan, 0.8299924731254578, 0.8222183585166931, 0.04017350822687149, 0.04018757492303848, 0.040154967457056046, 0.04016155004501343, 0.0401528924703598, 0.04014536738395691, 0.040145594626665115, 0.04014890640974045, 0.04013030230998993, 0.04011426866054535, 0.0401325561106205, 0.0401541069149971, 0.040142081677913666, 0.040172070264816284, 0.04018614441156387, 0.5349003076553345, 0.7803077101707458, 0.5348467230796814, 0.04015091806650162, 0.7632684111595154, 1.2120349407196045, 1.203313946723938, 1.1541187763214111, 1.120790719985962, 1.0550318956375122, 1.054953932762146, 1.0548396110534668, 0.04016926512122154, 0.040159180760383606, 0.040193766355514526, 0.040234122425317764, 0.04018954560160637, 0.04020827263593674, 0.040199048817157745, 0.04014965519309044, 0.040101632475852966, nan, nan, nan, nan, nan, nan, nan, nan, nan, nan, nan, nan, nan, nan, nan, nan, nan, nan, nan, nan, nan, nan, 0.819542646408081, 0.772468626499176, 0.04017408937215805, 0.040199361741542816, 0.04014535993337631, 0.04013412445783615, 0.04011540859937668, 0.04011441767215729, 0.04011468589305878, 0.04012392833828926, 0.040147263556718826, 0.040144652128219604, 0.0401797890663147, 0.04015592858195305, 0.04018867015838623, 0.04015444964170456, 0.040165722370147705, 0.0401863195002079, 0.04016777127981186, 0.04018763452768326, 0.04019542038440704, 0.04020396247506142, 0.04020245373249054, 0.04021997004747391, 0.04026278108358383, 0.04017984867095947, 0.04015161097049713, 0.040186718106269836, 0.04019726812839508, 0.040164195001125336, 0.04020727425813675, 0.04021678864955902, 0.04024277999997139, 0.04018834978342056, 0.040161941200494766, 0.04018864408135414, 0.04014825075864792, 0.0400933213531971, nan, nan, nan, nan, nan, nan, nan, nan, nan, nan, nan, nan, nan, nan, nan, nan, nan, nan, nan, nan, nan, nan, 0.6621812582015991, 0.6472746133804321, 0.04017683118581772, 0.04018351435661316, 0.04014981538057327, 0.04012255743145943, 0.040144868195056915, 0.04011739790439606, 0.04016214609146118, 0.04016239941120148, 0.04020162299275398, 0.04014027863740921, 0.04014606773853302, 0.04016176611185074, 0.040124546736478806, 0.04015837609767914, 0.04019854962825775, 0.040165744721889496, 0.040186285972595215, 0.04017995670437813, 0.040184833109378815, 0.0401928648352623, 0.04022025316953659, 0.040258802473545074, 0.04018838703632355, 0.040131472051143646, 0.04018966853618622, 0.040151990950107574, 0.040150560438632965, 0.040175218135118484, 0.04016776755452156, 0.04017319530248642, 0.040183328092098236, 0.04015813767910004, 0.0401783362030983, 0.04024200886487961, 0.04020942747592926, 0.040159501135349274, nan, nan, nan, nan, nan, nan, nan, nan, nan, nan, nan, nan, nan, nan, nan, nan, nan, nan, nan, nan, nan, nan, 0.6174477338790894, 0.6130990982055664, 0.04015576094388962, 0.040214695036411285, 0.04019131138920784, 0.040155794471502304, 0.04014395922422409, 0.04012608528137207, 0.0401441752910614, 0.04015551134943962, 0.040150124579668045, 0.040143124759197235, 0.040155455470085144, 0.04016159474849701, 0.04014144092798233, 0.04012428969144821, 0.040167082101106644, 0.04015541076660156, 0.04015599191188812, 0.04015624523162842, 0.04018467292189598, 0.040244609117507935, 0.040196776390075684, 0.0401444137096405, 0.040169745683670044, 0.04014518857002258, 0.04015851020812988, 0.04015093296766281, 0.04018637165427208, 0.040150824934244156, 0.040164049714803696, 0.040196992456912994, 0.04024530202150345, 0.04019012302160263, 0.04020671546459198, 0.04023211821913719, 0.040178827941417694, 0.0401197224855423, nan, nan, nan, nan, nan, nan, nan, nan, nan, nan, nan, nan, nan, nan, nan, nan, nan, nan, nan, nan, nan, nan, 0.6041157245635986, 0.601742148399353, 0.040165044367313385, 0.04015582799911499, 0.04016462340950966, 0.04015184938907623, 0.04015342891216278, 0.040149442851543427, 0.04014483839273453, 0.040152791887521744, 0.04016469419002533, 0.04018276929855347, 0.04016786813735962, 0.04016292840242386, 0.04012548550963402, 0.040158987045288086, 0.04016139358282089, 0.04015679657459259, 0.04018980264663696, 0.04023321717977524, 0.040241140872240067, 0.040195949375629425, 0.04018912464380264, 0.04016298055648804, 0.040129490196704865, 0.04015841335058212, 0.04018249735236168, 0.04016759246587753, 0.040158700197935104, 0.040216464549303055, 0.04017509147524834, 0.04021024703979492, 0.04023806005716324, 0.04017938673496246, 0.04016730561852455, 0.04018615558743477, 0.04017797112464905, 0.04012511670589447, nan, nan, nan, nan, nan, nan, nan, nan, nan, nan, nan, nan, nan, nan, nan, nan, nan, nan, nan, nan, nan, nan, 0.601446807384491, 0.5877311825752258, 0.04017595946788788, 0.04016990214586258, 0.04016156494617462, 0.04012835770845413, 0.040163494646549225, 0.04014590382575989, 0.04015777260065079, 0.04016847163438797, 0.04017576947808266, 0.04014402627944946, 0.0401974618434906, 0.040207259356975555, 0.04018146172165871, 0.040178634226322174, 0.04019501805305481, 0.04016685113310814, 0.04023674130439758, 0.04019273817539215, 0.040139853954315186, 0.04019057750701904, 0.04016134887933731, 0.04015904664993286, 0.04017259553074837, 0.040179502218961716, 0.04016213119029999, 0.04014018923044205, 0.04018029198050499, 0.04019733518362045, 0.040164440870285034, 0.0401538610458374, 0.04022105783224106, 0.040186598896980286, 0.04018876701593399, 0.04020681977272034, 0.04020744562149048, 0.04015500470995903, nan, nan, nan, nan, nan, nan, nan, nan, nan, nan, nan, nan, nan, nan, nan, nan, nan, nan, nan, nan, nan, nan, 0.5608128905296326, 0.5588011145591736, 0.040142305195331573, 0.04016108810901642, 0.04017924517393112, 0.040166474878787994, 0.04014119505882263, 0.040123455226421356, 0.04014523699879646, 0.04014052450656891, 0.04014791548252106, 0.040147095918655396, 0.04017972946166992, 0.04017815738916397, 0.04017031937837601, 0.04018261283636093, 0.040170036256313324, 0.04018249735236168, 0.040160104632377625, 0.040166229009628296, 0.04011750593781471, 0.04018840938806534, 0.04017595946788788, 0.04017971456050873, 0.04014112800359726, 0.04016038030385971, 0.04020072892308235, 0.04016103595495224, 0.04019554331898689, 0.040176764130592346, 0.04020988568663597, 0.040188997983932495, 0.04022162780165672, 0.040187984704971313, 0.0401962473988533, 0.04020530357956886, 0.04019899666309357, 0.04015234112739563, nan, nan, nan, nan, nan, nan, nan, nan, nan, nan, nan, nan, nan, nan, nan, nan, nan, nan, nan, nan, nan, nan, 0.5511632561683655, 0.5358119606971741, 0.04017616808414459, 0.04017840325832367, 0.04014762490987778, 0.04011339694261551, 0.04008827358484268, 0.04008490592241287, 0.04007662832736969, 0.040106743574142456, 0.0401189960539341, 0.04012763127684593, 0.04013720154762268, 0.04016152024269104, 0.0401594415307045, 0.04019342362880707, 0.04015377536416054, 0.04017462581396103, 0.04018420726060867, 0.0401904359459877, 0.04015699774026871, 0.04017990082502365, 0.04015273600816727, 0.04021243005990982, 0.04016055539250374, 0.04017389565706253, 0.04020365700125694, 0.040166571736335754, 0.04013526439666748, 0.040159694850444794, 0.04021662846207619, 0.04017414152622223, 0.040198877453804016, 0.04018300771713257, 0.040151551365852356, 0.04017707705497742, 0.04015449807047844, 0.040078356862068176, nan, nan, nan, nan, nan, nan, nan, nan, nan, nan, nan, nan, nan, nan, nan, nan, nan, nan, nan, nan, nan, nan, 0.5722715854644775, 0.5497127771377563, 0.04015043005347252, 0.04012826085090637, 0.040094345808029175, 0.040092818439006805, 0.04011814296245575, 0.04009493440389633, 0.04003682732582092, 0.04003680869936943, 0.04004715383052826, 0.04007471352815628, 0.04012555629014969, 0.04013177007436752, 0.04020216315984726, 0.04019265994429588, 0.040165796875953674, 0.040163956582546234, 0.04016481712460518, 0.04014396667480469, 0.04017872363328934, 0.04017236828804016, 0.04017439857125282, 0.04018499702215195, 0.040139563381671906, 0.04018959403038025, 0.04019127041101456, 0.04021857678890228, 0.04016173630952835, 0.040148600935935974, 0.0402180477976799, 0.04017641395330429, 0.04018619656562805, 0.04019780457019806, 0.040179453790187836, 0.040175631642341614, 0.040141597390174866, 0.04011823236942291, nan, nan, nan, nan, nan, nan, nan, nan, nan, nan, nan, nan, nan, nan, nan, nan, nan, nan, nan, nan, nan, nan, 0.5765553116798401, 0.5712987780570984, 0.04012734442949295, 0.04007439315319061, 0.040040723979473114, 0.04011478275060654, 0.0401202067732811, 0.040115028619766235, 0.040044140070676804, 0.040019869804382324, 0.04001553729176521, 0.040045447647571564, 0.04009149968624115, 0.040119610726833344, 0.04015099257230759, 0.040154263377189636, 0.040144212543964386, 0.04017716646194458, 0.040161315351724625, 0.040135450661182404, 0.04015941545367241, 0.04017111659049988, 0.04018102586269379, 0.04015037789940834, 0.040155813097953796, 0.04016947001218796, 0.04017432779073715, 0.04021212458610535, 0.04013855755329132, 0.04013776779174805, 0.040198445320129395, 0.040180906653404236, 0.040177591145038605, 0.04017327353358269, 0.04016643390059471, 0.040168486535549164, 0.04014573618769646, 0.040114838629961014, nan, nan, nan, nan, nan, nan, nan, nan, nan, nan, nan, nan, nan, nan, nan, nan, nan, nan, nan, nan, nan, nan, 0.5719648003578186, 0.5348590612411499, 0.04012221097946167, 0.040047019720077515, 0.04004378616809845, 0.04009268805384636, 0.040113963186740875, 0.04009242355823517, 0.04003600776195526, 0.040014054626226425, 0.04000484198331833, 0.04003382846713066, 0.040043480694293976, 0.04008293151855469, 0.04016181454062462, 0.04015308618545532, 0.04013650864362717, 0.04017266631126404, 0.04015529900789261, 0.0401143915951252, 0.04013051465153694, 0.04016214236617088, 0.04017312824726105, 0.04017814248800278, 0.04018908739089966, 0.04015398398041725, 0.040162742137908936, 0.04019795358181, 0.040117740631103516, 0.04017885774374008, 0.04018089547753334, 0.040189340710639954, 0.04016503691673279, 0.04018401354551315, 0.04015779495239258, 0.04017588496208191, 0.04018114507198334, 0.040122032165527344, 1.3571709394454956, 1.3542386293411255, 1.3043875694274902, 1.2443922758102417, 1.1520228385925293, 1.1053063869476318, 1.4845889806747437, 1.5139830112457275, 1.4839444160461426, 0.9984495043754578, 0.9031290411949158, 0.9006192684173584, 0.8527510762214661, 0.7617003321647644, 0.7553578615188599, 0.7032362222671509, 0.7047251462936401, 0.6985307931900024, 0.6124120950698853, 0.6054329872131348, 0.553502082824707, 0.5035614967346191, 0.5002334117889404, 0.45812541246414185, 0.040108177810907364, 0.04004427045583725, 0.04004531353712082, 0.04004102945327759, 0.04001341015100479, 0.040004145354032516, 0.04000470042228699, 0.04000405967235565, 0.040003903210163116, 0.04000426083803177, 0.04002626985311508, 0.04006604850292206, 0.04014744609594345, 0.04013103246688843, 0.04012369364500046, 0.040150128304958344, 0.04015834257006645, 0.040114086121320724, 0.04013064131140709, 0.04016418755054474, 0.04013385251164436, 0.040173113346099854, 0.04020698368549347, 0.04013264179229736, 0.04017939791083336, 0.04018808901309967, 0.04015287384390831, 0.04016204923391342, 0.0401730090379715, 0.040166135877370834, 0.04015509411692619, 0.04017513245344162, 0.040143921971321106, 0.04018057882785797, 0.0401696152985096, 0.04011974111199379, 1.3542007207870483, 1.338685154914856, 1.2863982915878296, 1.2139067649841309, 1.1385565996170044, 1.074928641319275, 1.3244847059249878, 1.4763846397399902, 1.3204996585845947, 0.9660876393318176, 0.8999764323234558, 0.8868330717086792, 0.8216215968132019, 0.761374831199646, 0.7311466336250305, 0.6949980854988098, 0.7018001079559326, 0.6722467541694641, 0.6113744378089905, 0.5907695889472961, 0.5366408228874207, 0.5011860132217407, 0.48619240522384644, 0.2942958176136017, 0.04006728529930115, 0.04003768786787987, 0.040042415261268616, 0.04002910107374191, 0.04000259190797806, 0.04000244289636612, 0.04000403732061386, 0.04000404477119446, 0.04000426083803177, 0.04000278562307358, 0.040003374218940735, 0.04004590958356857, 0.040127843618392944, 0.04013220593333244, 0.040125034749507904, 0.04015159606933594, 0.040146298706531525, 0.04012224078178406, 0.040157221257686615, 0.04016605019569397, 0.04013886675238609, 0.040173254907131195, 0.04017430543899536, 0.04012923687696457, 0.040145207196474075, 0.04016232490539551, 0.04014144837856293, 0.040202073752880096, 0.04020468145608902, 0.0401720255613327, 0.040185339748859406, 0.04020615294575691, 0.04017952084541321, 0.04020432010293007, 0.04017578810453415, 0.040113985538482666, 0.040115028619766235, 0.04016650468111038, 0.04018397629261017, 0.04016413539648056, 0.04018658027052879, 0.04015335440635681, 0.04013700410723686, 0.04017180576920509, 0.04016181081533432, 0.040142595767974854, 0.04014785587787628, 0.04014454036951065, 0.04015737771987915, 0.04019826650619507, 0.04016144573688507, 0.04011261463165283, 0.040142811834812164, 0.04012761265039444, 0.040131133049726486, 0.04011709988117218, 0.04013174772262573, 0.0401265025138855, 0.04014669358730316, 0.04011954739689827, 0.040044188499450684, 0.040003858506679535, 0.04002918303012848, 0.0400390625, 0.04002853482961655, 0.04000398516654968, 0.040005095303058624, 0.040004801005125046, 0.04000450670719147, 0.0400034636259079, 0.040027424693107605, 0.04007187485694885, 0.04014613479375839, 0.04017237573862076, 0.0401458665728569, 0.04017755761742592, 0.040146127343177795, 0.04014665633440018, 0.04018266871571541, 0.04015659540891647, 0.04016701877117157, 0.04018251225352287, 0.04020172730088234, 0.0401497408747673, 0.04017705097794533, 0.040181875228881836, 0.040196262300014496, 0.04019680619239807, 0.04021182656288147, 0.04020586609840393, 0.04018506407737732, 0.04022297263145447, 0.04019589722156525, 0.04021311551332474, 0.040208932012319565, 0.040152501314878464, 0.04011930525302887, 0.0401885062456131, 0.0402003712952137, 0.04018660634756088, 0.04019612818956375, 0.04015915468335152, 0.04014458507299423, 0.040179699659347534, 0.040143728256225586, 0.040117863565683365, 0.04018169641494751, 0.040177322924137115, 0.04015928879380226, 0.0401817262172699, 0.04014401137828827, 0.040135614573955536, 0.04016530513763428, 0.04014776647090912, 0.04014723002910614, 0.040125250816345215, 0.04011265188455582, 0.04014582186937332, 0.040146298706531525, 0.0401255339384079, 0.040065642446279526, 0.04000478982925415, 0.0400397926568985, 0.04004210978746414, 0.04004020243883133, 0.04000429809093475, 0.04000404477119446, 0.040002938359975815, 0.04000446945428848, 0.04000469297170639, 0.04006475210189819, 0.04013136029243469, 0.04018057510256767, 0.04021730273962021, 0.04018024355173111, 0.040215566754341125, 0.04020439088344574, 0.04018211364746094, 0.04021564871072769, 0.04017765074968338, 0.040213294327259064, 0.04021800309419632, 0.040180422365665436, 0.04018835723400116, 0.040209539234638214, 0.04018300026655197, 0.04021162539720535, 0.04021482169628143, 0.040183838456869125, 0.04021985083818436, 0.040182508528232574, 0.04021868854761124, 0.04021657630801201, 0.040188081562519073, 0.04021935909986496, 0.04016048461198807, 0.040121495723724365, 0.04018852114677429, 0.04017944633960724, 0.04018077999353409, 0.04018795117735863, 0.040172308683395386, 0.040165532380342484, 0.04017273709177971, 0.04011540859937668, 0.04012070968747139, 0.040182553231716156, 0.04016301408410072, 0.040152885019779205, 0.0401897132396698, 0.040139324963092804, 0.04015970230102539, 0.040168553590774536, 0.04015412554144859, 0.040157049894332886, 0.04011746495962143, 0.04015234485268593, 0.04015650972723961, 0.04015184938907623, 0.0401480495929718, 0.04008478671312332, 0.04001491516828537, 0.04002973809838295, 0.04004018381237984, 0.04002778232097626, 0.04000347852706909, 0.040004029870033264, 0.04000505805015564, 0.04000592976808548, 0.04005170613527298, 0.0401124432682991, 0.04018578678369522, 0.04018053412437439, 0.0402173176407814, 0.040204718708992004, 0.04018053412437439, 0.04022003710269928, 0.04018022119998932, 0.04021235555410385, 0.0402010940015316, 0.040178269147872925, 0.0402207188308239, 0.04018419235944748, 0.040185559540987015, 0.04022485017776489, 0.0401981920003891, 0.04020507633686066, 0.04021540284156799, 0.04018690437078476, 0.04018234461545944, 0.04020600765943527, 0.04017656296491623, 0.040197327733039856, 0.04018685966730118, 0.04018492251634598, 0.04015031456947327, 0.04010791331529617, 0.040179334580898285, 0.04019034653902054, 0.04019133001565933, 0.04018189758062363, 0.04018904268741608, 0.04018905758857727, 0.04017852619290352, 0.04011445492506027, 0.04015156626701355, 0.0401868000626564, 0.04015937075018883, 0.04014088585972786, 0.04014674201607704, 0.04014214873313904, 0.040151916444301605, 0.04015195742249489, 0.04016806185245514, 0.04016096889972687, 0.04011400789022446, 0.04015560448169708, 0.0401507169008255, 0.04014488682150841, 0.040180936455726624, 0.04011376202106476, 0.04003680869936943, 0.0400056429207325, 0.04000408947467804, 0.04001632332801819, 0.04001965373754501, 0.0400179848074913, 0.040018659085035324, 0.0400327630341053, 0.04010560363531113, 0.040146443992853165, 0.04021785408258438, 0.04020465910434723, 0.04018007963895798, 0.04022090509533882, 0.04018016904592514, 0.040217116475105286, 0.04020122066140175, 0.040177930146455765, 0.040216103196144104, 0.04018038511276245, 0.0402202233672142, 0.0402105413377285, 0.040184736251831055, 0.04022013396024704, 0.04020852595567703, 0.04017271474003792, 0.04018674045801163, 0.04020889848470688, 0.040179792791604996, 0.04021267592906952, 0.040179673582315445, 0.04020528495311737, 0.040202438831329346, 0.04018019139766693, 0.04014020413160324, 0.040108419954776764, 0.04014691710472107, 0.04016733169555664, 0.0401933453977108, 0.04016852006316185, 0.0401829332113266, 0.040178727358579636, 0.040156394243240356, 0.040133681148290634, 0.04018501192331314, 0.04019155353307724, 0.040157124400138855, 0.04017361253499985, 0.04015783220529556, 0.04016004502773285, 0.04015108942985535, 0.04014981538057327, 0.04017626494169235, 0.04016623646020889, 0.04014572873711586, 0.040155161172151566, 0.040164314210414886, 0.040171243250370026, 0.04018852487206459, 0.040156956762075424, 0.04007292538881302, 0.04003682732582092, 0.04002097249031067, 0.040065471082925797, 0.04009019583463669, 0.04011491313576698, 0.04012832045555115, 0.04012108966708183, 0.040146604180336, 0.04020331799983978, 0.040181104093790054, 0.040219277143478394, 0.04018104076385498, 0.04021632298827171, 0.040204890072345734, 0.040176719427108765, 0.0402173288166523, 0.040176115930080414, 0.04021427780389786, 0.040180325508117676, 0.040188420563936234, 0.040223732590675354, 0.04020445793867111, 0.040208570659160614, 0.04021172598004341, 0.04017427936196327, 0.04018509387969971, 0.04022296518087387, 0.04017771780490875, 0.04021300747990608, 0.04020903259515762, 0.0401800274848938, 0.040222592651844025, 0.040211744606494904, 0.04014260694384575, 0.0401001013815403, 0.040145110338926315, 0.04016262665390968, 0.040211595594882965, 0.04017674922943115, 0.04017742723226547, 0.04018213599920273, 0.040147170424461365, 0.04015715792775154, 0.04019632190465927, 0.04016879200935364, 0.040162354707717896, 0.0401606410741806, 0.040185846388339996, 0.0401776023209095, 0.04016071557998657, 0.040138840675354004, 0.04015972837805748, 0.04018881171941757, 0.040196098387241364, 0.04016384109854698, 0.04015813022851944, 0.04014831408858299, 0.04018605500459671, 0.0401841402053833, 0.040112972259521484, 0.04008791968226433, 0.040087517350912094, 0.04014205187559128, 0.04019811749458313, 0.04019935801625252, 0.04021638631820679, 0.0401911698281765, 0.0401817187666893, 0.04022055119276047, 0.04017925634980202, 0.040217574685811996, 0.04020463675260544, 0.04018182307481766, 0.04021763056516647, 0.04017741233110428, 0.0402129665017128, 0.040201909840106964, 0.040180377662181854, 0.040209367871284485, 0.0401858389377594, 0.04022499918937683, 0.04021163284778595, 0.04017206281423569, 0.04021179676055908, 0.04020591825246811, 0.04343700408935547, 0.04338442534208298, 0.043290045112371445, 0.043105348944664, 0.043108951300382614, 0.042873553931713104, 0.04288676753640175, 0.042747411876916885, 0.04256858304142952, 1.0192186832427979, 1.019378423690796, 1.0197054147720337, 1.019912838935852, 1.019975185394287, 1.0198736190795898, 0.6357057690620422, 0.04016313701868057, 0.040168240666389465, 0.04020099341869354, 0.04015468806028366, 0.04014524817466736, 0.04017186164855957, 0.5940521359443665, 0.9339407682418823, 0.876497745513916, 0.7578740119934082, 0.7494592666625977, 0.7344728112220764, 0.6866253614425659, 0.6196931600570679, 0.5584368705749512, 0.55403733253479, 0.5352937579154968, 0.48765885829925537, 0.4453217089176178, 0.5003208518028259, 0.5459113121032715, 0.5805243849754333, 0.596324622631073, 0.5838356018066406, 0.35274988412857056, 0.30830487608909607, 0.46056032180786133, 0.4617319405078888, 0.29879915714263916, 0.0456402450799942, 0.0456424243748188, 0.0454716719686985, 0.04519463703036308, 0.04517102241516113, 0.04508468136191368, 0.0449434369802475, 0.04464947432279587, 0.04456926882266998, 0.04437017813324928, 0.04407196119427681, 0.043893344700336456, 0.043939270079135895, 0.043817147612571716, 0.04372569918632507, 1.0199482440948486, 1.0199346542358398, 1.019915223121643, 1.019791603088379, 1.0196201801300049, 1.0197607278823853, 1.01978600025177, 1.0195531845092773, 1.019059658050537, 1.0192506313323975, 1.0193878412246704, 1.019820213317871, 1.0199177265167236, 1.0199729204177856, 1.0200375318527222, 1.0199029445648193, 0.04014257341623306, 0.040136124938726425, 0.04019493609666824, 0.04017659276723862, 0.04018281400203705, 0.04017934948205948, 0.8687836527824402, 0.9472513198852539, 0.9363107681274414, 0.7600265145301819, 0.7523815035820007, 0.749444842338562, 0.7018719911575317, 0.6500839591026306, 0.560713529586792, 0.5540140867233276, 0.5504463911056519, 0.5025097727775574, 0.456376314163208, 0.5409122109413147, 0.5486872792243958, 0.5969758033752441, 0.5996320247650146, 0.5968373417854309, 0.515220582485199, 0.45249873399734497, 0.47021159529685974, 0.5015870928764343, 0.5420072078704834, 0.5681203603744507, 0.6019405126571655, 0.6468600034713745, 0.6910082697868347, 0.7158216834068298, 0.7473451495170593, 0.7913506031036377, 0.8375648260116577, 0.8842772245407104, 0.9074802398681641, 0.9370176196098328, 0.9853723645210266, 1.0123889446258545, 1.0187170505523682, 1.0200061798095703, 1.0171149969100952, 1.018100619316101, 1.0177690982818604, 1.0180723667144775, 1.017350673675537, 1.0179266929626465, 1.0176270008087158, 1.0177083015441895, 1.0167375802993774, nan, nan, nan, nan, nan, 1.0199999809265137, 1.0200459957122803, 0.040187664330005646, 0.04015772044658661, 0.04020506516098976, 0.0401512011885643, 0.040233150124549866, 0.04028473421931267, 0.8050950765609741, 0.9399234652519226, nan, nan, nan, nan, nan, nan, nan, nan, nan, nan, nan, nan, nan, nan, nan, nan, nan, nan, 0.46919727325439453, 0.48454412817955017, 0.549342155456543, 0.5690985918045044, 0.6110168099403381, 0.6565761566162109, 0.6999963521957397, 0.7153351902961731, 0.756584644317627, 0.8009997606277466, 0.8486000895500183, 0.8947654366493225, 0.9074327349662781, 0.9481087923049927, 0.9990299940109253, 1.0127463340759277, 1.0169527530670166, 1.0171313285827637, nan, nan, nan, nan, nan, nan, nan, nan, nan, nan, nan, nan, 0.0404500812292099, 1.0197277069091797, 1.0199471712112427, 1.0199377536773682, 0.04016081988811493, 0.0401393324136734, 0.04020949453115463, 0.040227197110652924, 0.04022128880023956, 0.04029400646686554, nan, nan, nan, nan, nan, nan, nan, nan, nan, nan, nan, nan, nan, nan, nan, nan, nan, nan, nan, nan, nan, nan, nan, nan, nan, nan, nan, nan, nan, nan, nan, nan, nan, nan, nan, nan, nan, nan, nan, nan, nan, nan, nan, nan, nan, nan, nan, nan, 0.0402352549135685, 0.04036755859851837, 0.040445972234010696, 0.6358247399330139, 0.9311466217041016, 0.6357508897781372, 0.04022642970085144, 0.040262892842292786, 0.040218234062194824, nan, nan, nan, nan, nan, nan, nan, nan, nan, nan, nan, nan, nan, nan, nan, nan, nan, nan, nan, nan, nan, nan, nan, nan, nan, nan, nan, nan, nan, nan, nan, nan, nan, nan, nan, nan, nan, nan, nan, nan, nan, nan, nan, nan, nan, nan, nan, nan, nan, nan, 0.0401596873998642, 0.04022923856973648, 0.040281981229782104, 0.04016212373971939, 0.04017748683691025, 0.04024522006511688, 0.040261559188365936, 0.04023734852671623, nan, nan, nan, nan, nan, nan, nan, nan, nan, nan, nan, nan, nan, nan, nan, nan, nan, nan, nan, nan, nan, nan, nan, nan, nan, nan, nan, nan, nan, nan, nan, nan, nan, nan, nan, nan, nan, nan, nan, nan, nan, nan, nan, nan, nan, nan, nan, nan, nan, nan, nan, nan, 0.04010464996099472, 0.04017972946166992, 0.04028485715389252, 0.0403280109167099, 0.04029826819896698, 0.0402582585811615, nan, nan, nan, nan, nan, nan, nan, nan, nan, nan, nan, nan, nan, nan, nan, nan, nan, nan, nan, nan, nan, nan, nan, nan, nan, nan, nan, nan, nan, nan, nan, nan, nan, nan, nan, nan, nan, nan, nan, nan, nan, nan, nan, nan, nan, nan, nan, nan, nan, nan, nan, nan, nan, nan, 0.040178969502449036, 0.04026586562395096, 0.04034800082445145, 0.04034601151943207, nan, nan, nan, nan, nan, nan, nan, nan, nan, nan, nan, nan, nan, nan, nan, nan, nan, nan, nan, nan, nan, nan, nan, nan, nan, nan, nan, nan, nan, nan, nan, nan, nan, nan, nan, nan, nan, nan, nan, nan, nan, nan, nan, nan, nan, nan, nan, nan, nan, nan, nan, nan, nan, nan, nan, nan, 0.04021379351615906, 0.040219493210315704, nan, nan, nan, nan, nan, nan, nan, nan, nan, nan, nan, nan, nan, nan, nan, nan, nan, nan, nan, nan, nan, nan, nan, nan, nan, nan, nan, nan, nan, nan, nan, nan, nan, nan, nan, nan, nan, nan, nan, nan, nan, nan, nan, nan, nan, nan, nan, nan, nan, nan, nan, nan, nan, nan, nan, nan, nan, nan, nan, nan, nan, nan, nan, nan, nan, nan, nan, nan, nan, nan, nan, nan, nan, nan, nan, nan, nan, nan, nan, nan, nan, nan, nan, nan, nan, nan, nan, nan, nan, nan, nan, nan, nan, nan, nan, nan, nan, nan, nan, nan, nan, nan, nan, nan, nan, nan, nan, nan, nan, nan, nan, nan, nan, nan, nan, nan, nan, nan, nan, nan, nan, nan, nan, nan, nan, nan, nan, nan, nan, nan, nan, nan, nan, nan, nan, nan, nan, nan, nan, nan, nan, nan, nan, nan, nan, nan, nan, nan, nan, nan, nan, nan, nan, nan, nan, nan, nan, nan, nan, nan, nan, nan, nan, nan, nan, nan, nan, nan, nan, nan, nan, nan, nan, nan, nan, nan, nan, nan, nan, nan, nan, nan, nan, nan, nan, nan, nan, nan, nan, nan, nan, nan, nan, nan, nan, nan, nan, nan, nan, nan, nan, nan, nan, nan, nan, nan, nan, nan, nan, nan, nan, nan, nan, nan, nan, nan, nan, nan, nan, nan, nan, nan, nan, nan, nan, nan, nan, nan, nan, nan, nan, nan, nan, nan, nan, nan, nan, nan, nan, nan, nan, nan, nan, nan, nan, nan, nan, nan, nan, nan, nan, nan, nan, nan, nan, nan, nan, nan, nan, nan, nan, nan, nan, nan, nan, nan, nan, nan, nan, nan, nan, nan, nan, nan, nan, nan, nan, nan, nan, nan, nan, nan, nan, nan, nan, nan, nan, nan, nan, nan, nan, nan, nan, nan, nan, nan, nan, nan, nan, nan, nan, nan, nan, nan, nan, nan, nan, nan, nan, nan, nan, nan, nan, nan, nan, nan, nan, nan, nan, nan, nan, nan, nan, nan, nan, nan, nan, nan, nan, nan, nan, nan, nan, nan, nan, nan, nan, nan, nan, nan, nan, nan, nan, nan, nan, nan, nan, nan, nan, nan, nan, nan, nan, nan, nan, nan, nan, nan, nan, nan, nan, nan, nan, nan, nan, nan, nan, nan, nan, nan, nan, nan, nan, nan, nan, nan, nan, nan, nan, nan, nan, nan, nan, nan, nan, nan, nan, nan, nan, nan, nan, nan, nan, nan, nan, nan, nan, nan, nan, nan, nan, nan, nan, nan, nan, nan, nan, nan, nan, nan, nan, nan, nan, nan, nan, nan, nan, nan, nan, nan, nan, nan, nan, nan, nan, nan, nan, nan, nan, nan, nan, nan, nan, nan, nan, nan, nan, nan, nan, nan, nan, nan, nan, nan, nan, nan, nan, nan, nan, nan, nan, nan, nan, nan, nan, nan, nan, nan, nan, nan, nan, nan, nan, nan, nan, nan, nan, nan, nan, nan, nan, nan, nan, nan, nan, nan, nan, nan, nan, nan, nan, nan, nan, nan, nan, nan, nan, nan, nan, nan, nan, nan, nan, nan, nan, nan, nan, nan, nan, nan, nan, nan, nan, nan, nan, nan, nan, nan, nan, nan, nan, nan, nan, nan, nan, nan, nan, nan, nan, nan, nan, nan, nan, nan, nan, nan, nan, nan, nan, nan, nan, nan, nan, nan, nan, nan, nan, nan, nan, nan, nan, nan, nan, nan, nan, nan, nan, nan, nan, nan, nan, nan, nan, nan, nan, nan, nan, nan, nan, nan, nan, nan, nan, nan, nan, nan, nan, nan, nan, nan, nan, nan, nan, nan, nan, nan, nan, nan, nan, nan, nan, nan, nan, nan, nan, nan, nan, nan, nan, nan, nan, nan, nan, nan, nan, nan, nan, nan, nan, nan, nan, nan, nan, nan, nan, nan, nan, nan, nan, nan, nan, nan, nan, nan, nan, nan, nan, nan, nan, nan, nan, nan, nan, nan, nan, nan, nan, nan, nan, nan, nan, nan, nan, nan, nan, nan, nan, nan, nan, nan, nan, nan, nan, nan, nan, nan, nan, nan, nan, nan, nan, nan, nan, nan, nan, nan, nan, nan, nan, nan, nan, nan, nan, nan, nan, nan, nan, nan, nan, nan, nan, nan, nan, nan, nan, nan, nan, nan, nan, nan, nan, nan, nan, nan, nan, nan, nan, nan, nan, nan, nan, nan, nan, nan, nan, nan, nan, nan, nan, nan, nan, nan, nan, nan, nan, nan, nan, nan, nan, nan, nan, nan, nan, nan, nan, nan, nan, nan, nan, nan, nan, nan, nan, nan, nan, nan, nan, nan, nan, nan, nan, nan, nan, nan, nan, nan, nan, nan, nan, nan, nan, nan, nan, nan, nan, nan, nan, nan, nan, nan, nan, nan, nan, nan, nan, nan, nan, nan, nan, nan, nan, nan, nan, nan, nan, nan, nan, nan, nan, nan, nan, nan, nan, nan, nan, nan, nan, nan, nan, nan, nan, nan, nan, nan, nan, nan, nan, nan, nan, nan, nan, nan, nan, nan, nan, nan, nan, nan, nan, nan, nan, nan, nan, nan, nan, nan, nan, nan, nan, nan, nan, nan, nan, nan, nan, nan, nan, nan, nan, nan, nan, nan, nan, nan, nan, nan, nan, nan, nan, nan, nan, nan, nan, nan, nan, nan, nan, nan, nan, nan, nan, nan, nan, nan, nan, nan, nan, nan, nan, nan, nan, nan, nan, nan, nan, nan, nan, nan, nan, nan, nan, nan, nan, nan, nan, nan, nan, nan, nan, nan, nan, nan, nan, nan, nan, nan, nan, nan, nan, nan, nan, nan, nan, nan, nan, nan, nan, nan, nan, nan, nan, nan, nan, nan, nan, nan, nan, nan, nan, nan, nan, nan, nan, nan, nan, nan, nan, nan, nan, nan, nan, nan, nan, nan, nan, nan, nan, nan, nan, nan, nan, nan, nan, nan, nan, nan, nan, nan, nan, nan, nan, nan, nan, nan, nan, nan, nan, nan, nan, nan, nan, nan, nan, nan, nan, nan, nan, nan, nan, nan, nan, nan, nan, nan, nan, nan, nan, nan, nan, nan, nan, nan, nan, nan, nan, nan, nan, nan, nan, nan, nan, nan, nan, nan, nan, nan, nan, nan, nan, nan, nan, nan, nan, nan, nan, nan, nan, nan, nan, nan, nan, nan, nan, nan, nan, nan, nan, nan, nan, nan, nan, nan, nan, nan, nan, nan, nan, nan, nan, 0.0400916263461113, 0.04009215533733368, 0.040187329053878784, 0.04015239700675011, 0.04020598530769348, 0.04020969942212105, 0.04021218419075012, 0.040169648826122284, 0.04011759161949158, nan, nan, nan, nan, nan, nan, nan, nan, nan, nan, nan, nan, nan, nan, nan, nan, nan, nan, nan, nan, nan, nan, 1.3528573513031006, 1.3498265743255615, 0.04014420509338379, 0.040111199021339417, 0.040101729333400726, 0.04008845239877701, 0.04008490592241287, 0.04010937362909317, 0.04009946063160896, 0.04010272026062012, 0.040100693702697754, 0.04007312282919884, 0.040073245763778687, 0.040103986859321594, 0.04010384902358055, 0.04006902128458023, 0.040078841149806976, 0.04012268781661987, 0.04018887132406235, 0.04011787474155426, 0.04010520502924919, 0.04017333313822746, 0.04013533145189285, 0.04014100506901741, 0.0401538610458374, 0.04011562094092369, 0.040118783712387085, 0.040201056748628616, 0.04016929864883423, 0.04015789180994034, 0.04017476364970207, 0.04019063338637352, 0.040199846029281616, 0.04026508703827858, 0.04030121490359306, 0.04019717499613762, 0.04015026241540909, 0.04011385887861252, nan, nan, nan, nan, nan, nan, nan, nan, nan, nan, nan, nan, nan, nan, nan, nan, nan, nan, nan, nan, nan, nan, 1.3498265743255615, 1.333614468574524, 0.040166955441236496, 0.04014426842331886, 0.04014304280281067, 0.040187232196331024, 0.04016529768705368, 0.040200527757406235, 0.04015064984560013, 0.04021220654249191, 0.040193162858486176, 0.04021270573139191, 0.04013831913471222, 0.04014361649751663, 0.04015587270259857, 0.04014649614691734, 0.04014253988862038, 0.040152035653591156, 0.040208056569099426, 0.04017920047044754, 0.04019637033343315, 0.04023443162441254, 0.04026195406913757, 0.040190622210502625, 0.04019169509410858, 0.04016537219285965, 0.0401901975274086, 0.04019131511449814, 0.040158674120903015, 0.040202993899583817, 0.04015936702489853, 0.04021463915705681, 0.04026193544268608, 0.04028160870075226, 0.04019974172115326, 0.04015933722257614, 0.040145572274923325, 0.04005841910839081, nan, nan, nan, nan, nan, nan, nan, nan, nan, nan, nan, nan, nan, nan, nan, nan, nan, nan, nan, nan, nan, nan, 1.2917680740356445, 1.2520043849945068, 0.04016272351145744, 0.04013350233435631, 0.04018223658204079, 0.040205150842666626, 0.04016440361738205, 0.04018976539373398, 0.04015340283513069, 0.04021596908569336, 0.04021920636296272, 0.0402325764298439, 0.04017491638660431, 0.04020395129919052, 0.040188536047935486, 0.04019248113036156, 0.040177881717681885, 0.04021421819925308, 0.040190864354372025, 0.04017578065395355, 0.040211476385593414, 0.0401909165084362, 0.04021269455552101, 0.040222376585006714, 0.040194060653448105, 0.04021788388490677, 0.04020652174949646, 0.04016870632767677, 0.040178313851356506, 0.040179602801799774, 0.040169939398765564, 0.04022490233182907, 0.04025539755821228, 0.04018411412835121, 0.04017806798219681, 0.04015931859612465, 0.040166307240724564, 0.04005838558077812, nan, nan, nan, nan, nan, nan, nan, nan, nan, nan, nan, nan, nan, nan, nan, nan, nan, nan, nan, nan, nan, nan, 1.2032558917999268, 1.1905992031097412, 0.040140725672245026, 0.040142372250556946, 0.04018504172563553, 0.04017378389835358, 0.040142595767974854, 0.040144115686416626, 0.04015451669692993, 0.04017775505781174, 0.0401439443230629, 0.04020687937736511, 0.04022107273340225, 0.040219783782958984, 0.04017447307705879, 0.04020121693611145, 0.04018751159310341, 0.040205370634794235, 0.04017477110028267, 0.04018952697515488, 0.04011218249797821, 0.040101323276758194, 0.04018943011760712, 0.040190234780311584, 0.04018273204565048, 0.040198639035224915, 0.040200166404247284, 0.04018775373697281, 0.040217652916908264, 0.04015791788697243, 0.040208060294389725, 0.04023619741201401, 0.040170080959796906, 0.0401831790804863, 0.04014625400304794, 0.04018830507993698, 0.040166642516851425, 0.04009522497653961, nan, nan, nan, nan, nan, nan, nan, nan, nan, nan, nan, nan, nan, nan, nan, nan, nan, nan, nan, nan, nan, nan, 1.205883502960205, 1.2027320861816406, 0.04017924517393112, 0.04018609970808029, 0.040199924260377884, 0.04016474261879921, 0.04012829810380936, 0.040199294686317444, 0.0402146652340889, 0.04019974544644356, 0.040150657296180725, 0.04015981778502464, 0.04014873877167702, 0.04016067460179329, 0.040150269865989685, 0.04014331102371216, 0.040127772837877274, 0.04019151255488396, 0.040177009999752045, 0.04018322378396988, 0.0401470772922039, 0.04018441587686539, 0.040191009640693665, 0.04022490978240967, 0.040266215801239014, 0.040185146033763885, 0.040198806673288345, 0.0402345284819603, 0.04020969569683075, 0.04020729660987854, 0.040251754224300385, 0.04015754908323288, 0.04016932100057602, 0.04016415402293205, 0.040173232555389404, 0.04018747806549072, 0.04016655310988426, 0.04011321812868118, nan, nan, nan, nan, nan, nan, nan, nan, nan, nan, nan, nan, nan, nan, nan, nan, nan, nan, nan, nan, nan, nan, 1.2031481266021729, 1.1894997358322144, 0.04021351411938667, 0.040208473801612854, 0.04019562155008316, 0.04017289727926254, 0.04014033079147339, 0.04015149921178818, 0.04016329348087311, 0.04017586633563042, 0.0401410311460495, 0.04013650491833687, 0.040173888206481934, 0.04018160328269005, 0.04020538181066513, 0.04018370807170868, 0.04020562395453453, 0.04018274322152138, 0.040216270834207535, 0.04018266126513481, 0.04015830159187317, 0.04021212458610535, 0.04017836973071098, 0.04015825688838959, 0.040161412209272385, 0.04017625004053116, 0.04019096493721008, 0.0401943102478981, 0.040194444358348846]
outer_start_index: 9
inner_start_index: 53

